subject_id,title,release_year,region,tags,rating,votes,chart_rank,page_url,poster_url,poster_local,directors,casts,aliases,duration,imdb_id,source_label,crawled_at,summary
1292052,肖申克的救赎,1994,美国,"犯罪,剧情",9.7,3283296,1,https://movie.douban.com/subject/1292052/,https://img3.doubanio.com/view/photo/s_ratio_poster/public/p480747492.jpg,posters/1292052.jpg,弗兰克·德拉邦特,蒂姆·罗宾斯 / 摩根·弗里曼 / 鲍勃·冈顿 / 威廉·赛德勒 / 克兰西·布朗 / 吉尔·贝罗斯 / 马克·罗斯顿 / 詹姆斯·惠特摩 / 杰弗里·德曼 / 拉里·布兰登伯格,,142分钟,,https://movie.douban.com/top250,2026-05-06 14:00:05,
1291546,霸王别姬,1993,中国大陆 中国香港,"剧情,爱情,同性",9.6,2422302,2,https://movie.douban.com/subject/1291546/,https://img1.doubanio.com/view/photo/s_ratio_poster/public/p2911205318.jpg,posters/1291546.jpg,陈凯歌,张国荣 / 张丰毅 / 巩俐 / 葛优 / 英达 / 蒋雯丽 / 吴大维 / 吕齐 / 雷汉 / 尹治,,171分钟,,https://movie.douban.com/top250,2026-05-06 14:00:05,"【彻夜之歌 · 推荐】
蝶衣他内心深处最大的渴望，不是一段明确的爱情，而是永恒，他追逐的，是一种执念，是一份永远不会改变的情感。
他一生扮演的虞姬，恰恰是用死亡来完成了角色的最终塑造，他在现实无法获得的永恒中，在时代洪流与命运无常中，用最极端的方式实现了永恒，实现了这永远的风华绝代。

【失白鹰 · 较差】
get不到魅力

【抹布吸 · 力荐】
我是假项羽，你才是真虞姬

【开始准备｜✓ · 力荐】
拍的实在太好，演的实在太好，以至于看完很难抽离，每个人物都很立体，人物形象非常饱满。"
1292722,泰坦尼克号,1997,美国,"剧情,爱情,灾难",9.5,2497579,3,https://movie.douban.com/subject/1292722/,https://img9.doubanio.com/view/photo/s_ratio_poster/public/p457760035.jpg,posters/1292722.jpg,詹姆斯·卡梅隆,莱昂纳多·迪卡普里奥 / 凯特·温斯莱特 / 比利·赞恩 / 凯西·贝茨 / 弗兰西丝·费舍 / 格劳瑞亚·斯图尔特 / 比尔·帕克斯顿 / 伯纳德·希尔 / 大卫·沃纳 / 维克多·加博,,194分钟,,https://movie.douban.com/top250,2026-05-06 14:00:05,"【微信用户 · 力荐】
🎈别否定自己，你特别好，特别温柔，特别值得

【偶然与想象 · 力荐】
不记得啥时候第一次看，给小小的我很大震撼。

【鸝鷫鎢鸐 · 推荐】
音乐满分

【咚咚丁冬 · 力荐】
重温"
1292720,阿甘正传,1994,美国,"剧情,爱情",9.5,2429552,4,https://movie.douban.com/subject/1292720/,https://img3.doubanio.com/view/photo/s_ratio_poster/public/p2500944103.jpg,posters/1292720.jpg,罗伯特·泽米吉斯,汤姆·汉克斯 / 罗宾·怀特 / 加里·辛尼斯 / 麦凯尔泰·威廉逊 / 莎莉·菲尔德 / 海利·乔·奥斯蒙 / 迈克尔·康纳·亨弗里斯 / 哈罗德·G·赫瑟姆 / 山姆·安德森 / 伊俄涅·M·特雷奇,,142分钟,,https://movie.douban.com/top250,2026-05-06 14:00:05,"【怼怼怼 · 推荐】
再次重温依然是很美好很励志的电影，但由于刚看过了原著小说，反而令我无法打5⭐️了，美好得宛如梦幻，励志得触不可及，就这样～

【Irene.Ho · 力荐】
奔跑的人生，让人热血澎湃。

【芊芊 · 力荐】
I want to go home
Is he smart?哭了😭阿甘
Run Forrest

【沧浪之水 · 力荐】
有的人用童年治愈一生，有的人用一生治愈童年。"
1291561,千与千寻,2001,日本,"剧情,动画,奇幻",9.4,2536016,5,https://movie.douban.com/subject/1291561/,https://img1.doubanio.com/view/photo/s_ratio_poster/public/p2557573348.jpg,posters/1291561.jpg,宫崎骏,柊瑠美 / 入野自由 / 夏木真理 / 菅原文太 / 中村彰男 / 玉井夕海 / 神木隆之介 / 内藤刚志 / 泽口靖子 / 我修院达也,,125分钟,,https://movie.douban.com/top250,2026-05-06 14:00:05,"【momotou · 力荐】
一直以来，我都非常喜爱这部电影。

【心中弟城 · 力荐】
永远的宫崎骏

【星星鸭。 · 力荐】
跟潘诚雨一起看的，他很喜欢这部电影

【打战的人不一般 · 力荐】
又看了一遍，日文名字有个“神隐”，不知道作者取这个名字有什么用意。"
1292063,美丽人生,1997,意大利,"剧情,喜剧,爱情,战争",9.5,1481975,6,https://movie.douban.com/subject/1292063/,https://img3.doubanio.com/view/photo/s_ratio_poster/public/p2578474613.jpg,posters/1292063.jpg,罗伯托·贝尼尼,罗伯托·贝尼尼 / 尼可莱塔·布拉斯基 / 乔治·坎塔里尼 / 朱斯蒂诺·杜拉诺 / 赛尔乔·比尼·布斯特里克 / 玛丽萨·帕雷德斯 / 霍斯特·布赫霍尔茨 / 利迪娅·阿方西 / 朱利亚娜·洛约迪切 / 亚美利哥·丰塔尼,,116分钟(国际版),,https://movie.douban.com/top250,2026-05-06 14:00:05,"【momo · 力荐】
越看越沉重

【蟹蟹煲 · 力荐】
前半场我觉得它不配那么高的评分，后半场见证父爱的伟大；男主真的是个有趣的人吖

【拿尼加 · 力荐】
“早安，我的公主”Buongiorno Principessa！那一段太好哭了😭，浪漫至死。

感叹男主在任何时候都不曾丢失有趣的灵魂！！！非常值得学习👍👍
他的人生时时刻刻都美丽着！❤️

战争也是残酷的，愿世界和平。

【明月别吃惊鹊 · 推荐】
所以犹太人为什么要把苦难再一次加诸于其他民族身上？"
1889243,星际穿越,2014,美国 英国 加拿大,"剧情,科幻,冒险",9.4,2182839,7,https://movie.douban.com/subject/1889243/,https://img3.doubanio.com/view/photo/s_ratio_poster/public/p2614988097.jpg,posters/1889243.jpg,克里斯托弗·诺兰,马修·麦康纳 / 安妮·海瑟薇 / 杰西卡·查斯坦 / 麦肯吉·弗依 / 卡西·阿弗莱克 / 迈克尔·凯恩 / 马特·达蒙 / 提莫西·查拉梅 / 艾伦·伯斯汀 / 约翰·利思戈,,169分钟,,https://movie.douban.com/top250,2026-05-06 14:00:05,"【豆友WiJrxhUk3k · 力荐】
这部电影还是上高中物理课的时候看的了，印象很深刻

【煜坤 · 推荐】
理论没有看懂，更多是视觉震撼和想象启发
注:作为人类，跳进黑洞也十分奇妙

【如何跨越鸿沟 · 力荐】
宇宙太孤独了

【西紅柿大王 · 推荐】
制作满分的好莱坞科幻大片。实在对（）爱价值内核不感冒 遂减一星"
1295644,这个杀手不太冷,1994,法国 美国,"剧情,动作,犯罪",9.4,2551683,8,https://movie.douban.com/subject/1295644/,https://img9.doubanio.com/view/photo/s_ratio_poster/public/p2913554676.jpg,posters/1295644.jpg,吕克·贝松,让·雷诺 / 娜塔莉·波特曼 / 加里·奥德曼 / 丹尼·爱罗 / 彼得·阿佩尔 / 迈克尔·巴达鲁科 / 艾伦·格里尼 / 伊丽莎白·瑞根 / 卡尔·马图斯维奇 / 弗兰克·赛格,,133分钟(中国大陆),,https://movie.douban.com/top250,2026-05-06 14:00:05,"【豆友WqUHBIhyxM · 力荐】
夯！

【钱小胖诶呀诶呀 · 力荐】
盆栽是亮点

【Irene.Ho · 力荐】
算是我的法国电影的启蒙了。

【嘉然今天吃柯南 · 推荐】
看完《这个杀手不太冷》，我的心情像被那盆始终向阳的银皇后盆栽搅动，既沉重又温柔。莱昂，这个顶尖的杀手，有着孩童般的纯粹与怪癖，喝牛奶、坐姿僵硬，他活在世界的阴影里，直到玛蒂尔达像一道伤痕闯入他的生活。娜塔莉·波特曼那双过早褪去稚气的眼睛，让我看到了一个被家庭忽视、被命运摧残却异常坚韧的灵魂。最让我动容的并非枪林弹雨的酷炫，而是莱昂笨拙地教她喝牛奶、教她“永远要开心”时的那份小心翼翼。影片最残忍也最动人的地方在于，它让两个孤独的人在互相救赎中找到了活着的意义，却又让这份温暖在冰冷的现实面前戛然而止。莱昂最后倒在血泊中，那句“玛蒂尔达，我爱你”不仅是他生命中最人性的时刻，也让我明白：真正的爱，是让对方在废墟中长出翅膀，即使自己必须化作泥土。"
3541415,盗梦空间,2010,美国 英国,"剧情,科幻,悬疑,冒险",9.4,2324874,9,https://movie.douban.com/subject/3541415/,https://img9.doubanio.com/view/photo/s_ratio_poster/public/p513344864.jpg,posters/3541415.jpg,克里斯托弗·诺兰,莱昂纳多·迪卡普里奥 / 约瑟夫·高登-莱维特 / 艾利奥特·佩吉 / 汤姆·哈迪 / 渡边谦 / 迪利普·劳 / 基里安·墨菲 / 汤姆·贝伦杰 / 玛丽昂·歌迪亚 / 皮特·波斯尔思韦特,,148分钟,,https://movie.douban.com/top250,2026-05-06 14:00:05,"【spark · 力荐】
看电影的我也在梦境里了，结尾配上“Time”有一种大梦初醒的感觉！

【砸苹果的牛顿 · 还行】
3个小时的观影感受就是觉得时间过得很漫长，面对高分的电影get不到他的点，是我的问题还是电影并没有那么好啦呢🤔

【豆友4b_s0OSuI4 · 推荐】
好烧脑

【百乔 · 力荐】
至少错过三次的神作，终于耐住自己 看完了，似乎 也看懂了"
1292064,楚门的世界,1998,美国,"剧情,科幻",9.4,2018380,10,https://movie.douban.com/subject/1292064/,https://img3.doubanio.com/view/photo/s_ratio_poster/public/p479682972.jpg,posters/1292064.jpg,彼得·威尔,金·凯瑞 / 劳拉·琳妮 / 艾德·哈里斯 / 诺亚·艾默里奇 / 娜塔莎·麦克艾霍恩 / 保罗·吉亚玛提 / 彼得·克劳斯 / 霍兰德·泰勒 / 菲利普·贝克·霍尔 / 哈里·谢尔,,103分钟,,https://movie.douban.com/top250,2026-05-06 14:00:05,"【Irene.Ho · 力荐】
拟态环境的最佳演绎！

【小早川濑那 · 力荐】
大学早就看过，补

【Backlight · 推荐】
好看，但是没有很打动我

【不吃青椒喔o · 还行】
设定新颖有深意，但节奏偏平缓，结局略显理想化，对现实的讽刺力度稍显不足。"
1295124,辛德勒的名单,1993,美国,"剧情,历史,战争",9.5,1246912,11,https://movie.douban.com/subject/1295124/,https://img3.doubanio.com/view/photo/s_ratio_poster/public/p492406163.jpg,posters/1295124.jpg,史蒂文·斯皮尔伯格,连姆·尼森 / 本·金斯利 / 拉尔夫·费因斯 / 卡罗琳·古多尔 / 乔纳森·萨加尔 / 艾伯丝·戴维兹 / 马尔戈萨·格贝尔 / 马克·伊瓦涅 / 碧翠斯·马科拉 / 安德烈·瑟韦林,,195分钟,,https://movie.douban.com/top250,2026-05-06 14:00:05,"【agnes. · 力荐】
最后果然战争结束了就事业屡屡失败！人不要随便毒奶自己！

【momo · 力荐】
在看完《钢琴家》之后再看此片，从另一个视角补充了二战的那段历史，如果说《钢琴家》是生活在波兰的犹太人中最幸运的人，《辛德勒的名单》就是辛德勒为这些最不幸的人，1200犹太人用金钱刻下闪闪发光的名单。
他在最开始就是个精明的商人，很有人格魅力，也很聪明，就像他自己所说的，在战时他才能发财，而战后他的生意屡屡破产。但是能够在战时，这样激发出人的另一面的时候，他却激发了善的一面，真的很好了，他真的是个非常伟大的人。
黑白片完全没有削弱此片的魅力，反而是将色彩发挥到了极致，那一抹红色出现在镜头里，相信没有人不会为之动容，那就是生命的颜色啊。
想到现在以色列却是反过来的，可能人就是这样吧，战争永不停歇。但是在灾难面前所发挥出人性的光辉，也那样令人动容。
                   愿世界和平

【momo · 力荐】
知道剧情是什么但结局辛德勒要去流亡那里还是看哭了🥲“救人一命 如救苍生”

【退耕还林payjoe · 力荐】
斯皮尔伯格太会用镜头语言！最记得那个小姑娘红色连衣裙！"
3011091,忠犬八公的故事,2009,美国 英国,剧情,9.4,1542774,12,https://movie.douban.com/subject/3011091/,https://img1.doubanio.com/view/photo/s_ratio_poster/public/p2587099240.jpg,posters/3011091.jpg,拉斯·霍尔斯道姆,理查·基尔 / 莎拉·罗默尔 / 琼·艾伦 / 罗比·萨布莱特 / 艾瑞克·阿瓦利 / 田川洋行 / 杰森·亚历山大 / 罗伯特·卡普荣 / 凯文·德科斯泰 / 高岛彩,,93分钟,,https://movie.douban.com/top250,2026-05-06 14:00:05,"【抹茶双拼甜筒 · 力荐】
很打动人心，让我审慎思考了一下到底要不要养宠物。毕竟人的世界很大，宠物不是唯一，但是宠物的世界很小，可能主人就是唯一。

【一般路过） · 推荐】
小学老师再课堂上放过

【雪化石】
补

【别管simer · 推荐】
世间最纯粹的忠诚，从来都不求回报。
 
八公用一生的等候告诉我们：它把主人当成了全世界，一段相伴，便是余生执念。人来人往的车站，岁月匆匆流逝，所有人都慢慢遗忘，只有它守着最初的约定，风雨无阻，等了一年又一年。
 
人心易变，可狗狗的爱意却无比赤诚。它不懂生死离别，只记得每天要等那个人回家；不懂世事无常，只认定了一生一世的陪伴。这份笨拙又深沉的忠诚，温柔又催泪，也让我们明白：陪伴是最长情的告白，真心从来无需言语，只愿坚守到底。"
1292001,海上钢琴师,1998,意大利,"剧情,音乐",9.3,1879014,13,https://movie.douban.com/subject/1292001/,https://img9.doubanio.com/view/photo/s_ratio_poster/public/p2914698334.jpg,posters/1292001.jpg,朱塞佩·托纳多雷,蒂姆·罗斯 / 普路特·泰勒·文斯 / 比尔·努恩 / 克兰伦斯·威廉姆斯三世 / 梅兰尼·蒂埃里 / 皮特·沃恩 / 尼尔·奥布赖恩 / 阿尔贝托·巴斯克斯 / 加布里埃莱·拉维亚 / 科里·巴克,,120分钟(国际版),,https://movie.douban.com/top250,2026-05-06 14:00:05,"【Ardent · 力荐】
好像看见了曾经那个怯弱的me。

【豆友MKHoomMzrs · 力荐】
他从未下过船，我从未上过船
男主的扔帽子和喜欢反悔的人设

【豆友r1JeTzjhpI · 还行】
疑惑，可惜

【贞漂亮 · 力荐】
the world is a ship that is too big
电影就是我的精神世界"
25662329,疯狂动物城,2016,美国,"喜剧,动画,冒险",9.3,2319024,14,https://movie.douban.com/subject/25662329/,https://img9.doubanio.com/view/photo/s_ratio_poster/public/p2924128964.jpg,posters/25662329.jpg,拜伦·霍华德 / 瑞奇·摩尔 / 杰拉德·布什,金妮弗·古德温 / 杰森·贝特曼 / 伊德瑞斯·艾尔巴 / 珍妮·斯蕾特 / 内特·托伦斯 / 邦妮·亨特 / 唐·雷克 / 汤米·钟 / J·K·西蒙斯 / 奥克塔维亚·斯宾瑟,,109分钟(中国大陆),,https://movie.douban.com/top250,2026-05-06 14:00:05,"【nonsense · 力荐】
10年前商业动画还有这种细糠。老少皆宜，雅俗共赏。每一个角色都有笑点，每一个笑点都是伏笔或隐喻。是给孩子们的美国梦童话，也是给成年人的政治寓言。
“所有动物生而平等，但有些动物比其他动物更平等。”Zootopia的角度更深刻：当弱势边缘群体反过来利用自己的身份标签，换取福利、夺取权力，这种初衷是平等公正的身份政治，是不是矫枉过正了？
电影只能给出童话般的解决方案：真正的包容不是消灭差异，也不是给予特权，而是打破偏见。每个人都不能被标签所定义，“everyone can be everything”。
世界不完美，才需要同样不完美的我们来keep trying, keep on making new mistakes.

【红 · 力荐】
好看,色彩很明亮,音乐也很好听

【花开富贵 · 推荐】
好喜欢里面那只树懒

【梆两拳 · 力荐】
很喜欢！！！"
3793023,三傻大闹宝莱坞,2009,印度,"剧情,喜剧,爱情,歌舞",9.2,2077916,15,https://movie.douban.com/subject/3793023/,https://img2.doubanio.com/view/photo/s_ratio_poster/public/p579729551.jpg,posters/3793023.jpg,拉吉库马尔·希拉尼,阿米尔·汗 / 卡琳娜·卡普尔 / 马达范 / 沙尔曼·乔希 / 奥米·瓦依达 / 博曼·伊拉尼 / 莫娜·辛格 / 拉杰夫·拉宾德拉纳特安 / 阿里·法扎勒 / 帕里卡沙特.萨赫尼,,171分钟(印度),,https://movie.douban.com/top250,2026-05-06 14:00:05,"【豆友293560881 · 推荐】
太棒了！ 我爱上了别人的爱情，并为此乐此不彼，所以希望他们的美好能持续下去。即便是知己，也希望天天能看到，直到我七老八十时，也能跟年轻的孩子说，我见过真情，虽然那真情是别人的，但真的存在过！何其有幸见过最美的感情，我虽是旁观者却也含着泪。当他的温柔遇上他眼底的热烈，一切都刚刚好！或许我不能名正言顺的爱你，但我可以随时把你挂在嘴边。

【snna · 力荐】
片名翻译相关度好低，印度拍爽文确实有一手

【一点点点点点点 · 推荐】
笑泪交织，用幽默戳破教育痛点，友情与梦想温暖治愈，堪称经典励志佳作。

【_utternonsense · 推荐】
也是高中看的～"
2131459,机器人总动员,2008,美国,"科幻,动画,冒险",9.3,1492929,16,https://movie.douban.com/subject/2131459/,https://img2.doubanio.com/view/photo/s_ratio_poster/public/p1461851991.jpg,posters/2131459.jpg,安德鲁·斯坦顿,本·贝尔特 / 艾丽莎·奈特 / 杰夫·格尔林 / 佛莱德·威拉特 / 西格妮·韦弗 / MacInTalk / 约翰·拉森贝格 / 凯茜·纳基麦 / 泰迪·牛顿 / 鲍伯·伯根,,98分钟,,https://movie.douban.com/top250,2026-05-06 14:00:05,"【生活才是必選項 · 力荐】
好有❤️的机器人🤖

【梆两拳 · 力荐】
跟前男友在手机上一起看的 很可爱

【不读正经书的 · 推荐】
萌……

【茶色玻璃 · 力荐】
2008年的时候看过，2026年再重温，依旧很感动～"
1291549,放牛班的春天,2004,法国 瑞士 德国,"剧情,音乐",9.3,1473504,17,https://movie.douban.com/subject/1291549/,https://img1.doubanio.com/view/photo/s_ratio_poster/public/p2884280708.jpg,posters/1291549.jpg,克里斯托夫·巴哈蒂,让-巴蒂斯特·莫尼耶 / 热拉尔·朱尼奥 / 弗朗索瓦·贝莱昂 / 凯德·麦拉德 / 让-保罗·博奈雷 / 雅克·贝汉 / 玛丽·布奈尔 / 马克桑斯·贝汉 / 格雷戈里·加迪诺尔 / 托马斯·布伦门塔尔,,97分钟,,https://movie.douban.com/top250,2026-05-06 14:00:05,"【Jenny · 力荐】
“我们是朋友嘛”
“当然，为什么这么问？”
“5加3等于几”
“53”
“真的吗？”
“真的”

【栀 · 还行】
补四月底看的
第一次看是小学音乐课呢 
记得很好看 实际也是挺感动

【贞漂亮 · 力荐】
星期六的下午 马修来接阿贝贝和他的小熊回家了

【Iris.eben · 推荐】
簡單的攝法 溫暖的故事 舒服的影調"
1307914,无间道,2002,中国香港,"剧情,犯罪,惊悚",9.3,1564660,18,https://movie.douban.com/subject/1307914/,https://img3.doubanio.com/view/photo/s_ratio_poster/public/p2597979873.jpg,posters/1307914.jpg,刘伟强 / 麦兆辉,刘德华 / 梁朝伟 / 黄秋生 / 曾志伟 / 陈慧琳 / 郑秀文 / 陈冠希 / 余文乐 / 萧亚轩 / 林家栋,,101分钟,,https://movie.douban.com/top250,2026-05-06 14:00:05,"【vive la france🎆 · 推荐】
classic

【云别青山 · 力荐】
用不长的篇幅讲好了一个精彩故事，干脆利落又好有嚼劲。警校门口分出两条岔路，没有一条是平坦大道。看得我梁朝伟瘾大发，刘在梁面前黯然失色了。

【心中弟城 · 力荐】
有内鬼，终止交易

【四野子 · 推荐】
谁来拯救陈永仁的人生"
1296141,控方证人,1957,美国,"剧情,犯罪,悬疑,惊悚",9.6,743116,19,https://movie.douban.com/subject/1296141/,https://img3.doubanio.com/view/photo/s_ratio_poster/public/p2927451337.jpg,posters/1296141.jpg,比利·怀尔德,泰隆·鲍华 / 玛琳·黛德丽 / 查尔斯·劳顿 / 埃尔莎·兰彻斯特 / 约翰·威廉姆斯 / 亨利·丹尼尔 / 伊安·沃尔夫 / 托林·撒切尔 / 诺玛·威登 / 尤娜·奥康纳,,116分钟,,https://movie.douban.com/top250,2026-05-06 14:00:05,"【难受的炒米粉 · 力荐】
被朋友安利的，以为反转是这样的，没想到还有一个更大的反转

【小怪兽👾 · 力荐】
每个人物都好生动，老片子也太耐看了

【小河 · 力荐】
完全意料之外

【momo · 力荐】
最后真是反转再反转！惊！"
20495023,寻梦环游记,2017,美国,"喜剧,动画,奇幻,音乐",9.1,1988674,20,https://movie.douban.com/subject/20495023/,https://img3.doubanio.com/view/photo/s_ratio_poster/public/p2461812747.jpg,posters/20495023.jpg,李·昂克里奇 / 阿德里安·莫利纳,安东尼·冈萨雷斯 / 盖尔·加西亚·贝纳尔 / 本杰明·布拉特 / 阿兰娜·乌巴赫 / 芮妮·维克托 / 杰米·卡米尔 / 阿方索·阿雷奥 / 赫伯特·西古恩萨 / 加布里埃尔·伊格莱西亚斯 / 隆巴多·博伊尔,,105分钟,,https://movie.douban.com/top250,2026-05-06 14:00:05,"【L. · 推荐】
好看！皮克斯太夯了！

【情人 · 力荐】
死亡并不是终点 遗忘才是

【zichumy · 推荐】
这部是我最喜欢得电影！看一次哭一次那种呜呜 一直不理解为什么中文翻译不能保留coco这个词

【小乖兔娇娇 · 较差】
生死不是终点，遗忘才是，温柔治愈又满是亲情与梦想的满分动画。"
1292213,大话西游之大圣娶亲,1995,中国香港 中国大陆,"喜剧,爱情,奇幻,古装",9.2,1709224,21,https://movie.douban.com/subject/1292213/,https://img9.doubanio.com/view/photo/s_ratio_poster/public/p2455050536.jpg,posters/1292213.jpg,刘镇伟,周星驰 / 吴孟达 / 朱茵 / 蔡少芬 / 蓝洁瑛 / 莫文蔚 / 罗家英 / 刘镇伟 / 陆树铭 / 李健仁,,95分钟,,https://movie.douban.com/top250,2026-05-06 14:00:05,"【JTTQQ · 推荐】
爱一人，负众生；舍金箍，不能救你。纵使相逢，终究错过。

【小朋友看世界 · 力荐】
经典永不过时，嬉笑皆是心酸！年少看不懂情深，再看满是遗憾，句句戳心！

【随便起的name · 力荐】
太超前，太经典

【星空下的向日葵 · 力荐】
2026.5.5，多年之后终于看完了。年轻的朱茵是真的很美啊！一生所爱这个配乐和变奏也都是顶级。那个年代写这种轮回穿越的剧本还是有点超前的，剧情上也没什么明显的漏洞。最后的片段以前看了很多次了每次看还是挺难过的，这次完整地看完电影，感觉比以前更多了点无力感，爱上一个不可能的人注定是苍白的"
5912992,熔炉,2011,韩国,剧情,9.3,1036033,22,https://movie.douban.com/subject/5912992/,https://img9.doubanio.com/view/photo/s_ratio_poster/public/p1363250216.jpg,posters/5912992.jpg,黄东赫,孔刘 / 郑裕美 / 金贤秀 / 郑仁絮 / 白承焕 / 张矿 / 金民尚 / 林贤成 / 金周灵 / 严孝燮,,125分钟,,https://movie.douban.com/top250,2026-05-06 14:00:05,"【加斯珀哥哥 · 力荐】
15年前的电影，我们一路奋战，不是为了改变世界，而是不为了让世界改变我们。

【yu · 力荐】
我们一路奋战 不是为了改变世界 而是让世界不要改变我们

【火星公子 · 推荐】
不敢再看第二遍，给我内心留下了阴影，但是这是部好电影，需要有这样的电影来展现社会的黑暗丑陋

【完蛋鲵 · 力荐】
😄😄😄别搞我了……嘎巴一下看死了"
6786002,触不可及,2011,法国,"剧情,喜剧",9.3,1295730,23,https://movie.douban.com/subject/6786002/,https://img9.doubanio.com/view/photo/s_ratio_poster/public/p1454261925.jpg,posters/6786002.jpg,奥利维埃·纳卡什 / 埃里克·托莱达诺,弗朗索瓦·克鲁塞 / 奥玛·希 / 安娜·勒尼 / 奥德雷·弗勒罗 / 约瑟芬娜·德·摩 / 克洛蒂尔德·莫莱特 / 阿尔芭·贝露琪 / 萨丽马特·卡马特 / 格雷戈瓦·奥斯特曼 / 多米尼克·达吉尔,,112分钟,,https://movie.douban.com/top250,2026-05-06 14:00:05,"【TTiany · 推荐】
或许看过？

【爱好和平 · 推荐】
这个黑人好搞笑

【花开富贵 · 推荐】
影片最动人的地方，是最后两个人重新面对自己本来的生命，让自己的生命继续得到幸福的继续。那么这是一段，好的，感人的，值得让人真珍藏一辈子的友谊

【速度の王 · 力荐】
看完爱上主题钢琴曲"
1291841,教父,1972,美国,"剧情,犯罪",9.3,1107228,24,https://movie.douban.com/subject/1291841/,https://img9.doubanio.com/view/photo/s_ratio_poster/public/p616779645.jpg,posters/1291841.jpg,弗朗西斯·福特·科波拉,马龙·白兰度 / 阿尔·帕西诺 / 詹姆斯·肯恩 / 理查德·S·卡斯特尔诺 / 罗伯特·杜瓦尔 / 斯特林·海登 / 约翰·马利 / 理查德·康特 / 艾尔·勒提埃里 / 黛安·基顿,,175 分钟,,https://movie.douban.com/top250,2026-05-06 14:00:05,"【Memory Zhou · 力荐】
it is grand
3个小时，还需要再专心看一遍

【zy · 力荐】
值得多刷

【得得得 · 力荐】
有些镜头没看懂，但是挺震撼我的，还想看第二遍。

【不自知 · 力荐】
它在讲一个很长的故事，从热闹的婚礼到被合上的门，让人愿意花一个下午细细品味。"
1293172,末代皇帝,1987,英国 意大利 中国大陆 法国,"剧情,传记,历史",9.3,1028943,25,https://movie.douban.com/subject/1293172/,https://img3.doubanio.com/view/photo/s_ratio_poster/public/p452089833.jpg,posters/1293172.jpg,贝纳尔多·贝托鲁奇,尊龙 / 陈冲 / 邬君梅 / 彼得·奥图尔 / 英若诚 / 吴涛 / 黄自强 / 丹尼斯·邓 / 坂本龙一 / 马吉·汉,,163分钟,,https://movie.douban.com/top250,2026-05-06 14:00:05,"【DiamondJiessie · 推荐】
构图、色彩、配乐都很精妙，整体看下来还是很压抑，戏台搭好，呼啦啦来了一群人又呼啦啦退场。

【柳荷心 · 推荐】
从长春回来重温此片，溥仪一生真的很哀伤，生不逢时，赶上时代的洪流

【挞儿是小孩 · 力荐】
肯定是看完了的

【电子羊Eleven · 力荐】
最后一位在这里登记的是清朝皇帝爱新觉罗，他那时三岁，卒于一九六七年。
最后，紫禁城里导游短短的一句解说词，带过了他波澜壮阔的一生。"
1295038,哈利·波特与魔法石,2001,美国 英国,"奇幻,冒险",9.2,1422892,26,https://movie.douban.com/subject/1295038/,https://img1.doubanio.com/view/photo/s_ratio_poster/public/p2913781448.jpg,posters/1295038.jpg,克里斯·哥伦布,丹尼尔·雷德克里夫 / 艾玛·沃森 / 鲁伯特·格林特 / 艾伦·瑞克曼 / 玛吉·史密斯 / 汤姆·费尔顿 / 伊恩·哈特 / 理查德·哈里斯 / 约翰·赫特 / 罗彼·考特拉尼,,152分钟,,https://movie.douban.com/top250,2026-05-06 14:00:05,"【豆友IOvHVAQS5I · 力荐】
看过好几遍了，真的好看

【热可可 · 推荐】
好明亮

【不甜不要钱 · 力荐】
电影前三部最好看了 给小小的一些魔法震撼

【momo · 力荐】
三个小朋友都有各自的高光 很棒"
1849031,当幸福来敲门,2006,美国,"剧情,传记,家庭",9.1,1687930,27,https://movie.douban.com/subject/1849031/,https://img1.doubanio.com/view/photo/s_ratio_poster/public/p1312700628.jpg,posters/1849031.jpg,加布里埃莱·穆奇诺,威尔·史密斯 / 贾登·史密斯 / 坦迪·牛顿 / 布莱恩·豪威  / 詹姆斯·凯伦 / 丹·卡斯泰兰尼塔 / 柯特·富勒 / 塔卡尤·费舍尔 / 凯文·韦斯特 / 乔治·张,,117分钟,,https://movie.douban.com/top250,2026-05-06 14:00:05,"【远方的诗 · 力荐】
top250每个都是有极大含金量的，而且都是关于人生、救赎、奋斗、励志、温情之类的，每个人的人生总有低谷，但只要肯努力，终将迎来曙光，希望每个人都能带孩子温习这部片子！

【vikili · 力荐】
这部电影特别真实，看完整个人感触很深。男主生活穷困潦倒，生意不顺、妻子离开，只能带着儿子四处漂泊，甚至露宿地铁站。日子满是心酸坎坷，可他从没轻易认输。
一边辛苦养家，一边咬牙努力争取工作机会，再苦再累也始终坚守底线，用心守护孩子。影片没有刻意煽情，却道尽普通人生活的不易。幸福从不会凭空降临，所有光鲜背后都是默默坚持，只要踏实拼搏，终会熬过苦难迎来曙光。
（148字）

【豆豆萁 · 力荐】
其实只要有付出有努力就会有收获，哪怕是一点点。

【星光不负赶路人 · 力荐】
影片没有刻意煽情，用真实的苦难与坚守，诠释了幸福的真谛。每一份咬牙坚持的时光，都是在靠近幸福，平凡人的奋斗最是动人。"
1291560,龙猫,1988,日本,"动画,奇幻,冒险",9.2,1411317,28,https://movie.douban.com/subject/1291560/,https://img9.doubanio.com/view/photo/s_ratio_poster/public/p2540924496.jpg,posters/1291560.jpg,宫崎骏,日高范子 / 坂本千夏 / 糸井重里 / 岛本须美 / 北林谷荣 / 高木均 / 雨笠利幸 / 丸山裕子 / 广濑正志 / 鹫尾真知子,,86分钟,,https://movie.douban.com/top250,2026-05-06 14:00:05,"【·_· · 推荐】
3.5 画面很漂亮 音乐很美

【柠檬汪汪汪 · 力荐】
第一次完整看这部电影，音乐太好听了，想象力也太强了！这甚至是88年的，不敢相信！宫崎骏太牛了！

【佛系少女 · 推荐】
看的让人很温暖很治愈，画面也很棒，不愧是宫崎骏

【退耕还林payjoe · 推荐】
音乐在刻入记忆"
1292365,活着,1994,中国大陆 中国香港,"剧情,历史,家庭",9.3,970396,29,https://movie.douban.com/subject/1292365/,https://img3.doubanio.com/view/photo/s_ratio_poster/public/p2597919477.jpg,posters/1292365.jpg,张艺谋,葛优 / 巩俐 / 姜武 / 牛犇 / 郭涛 / 张璐 / 倪大红 / 肖聪 / 董飞 / 刘天池,,132分钟,,https://movie.douban.com/top250,2026-05-06 14:00:05,"【Dddd · 推荐】
电影的福贵没那么悲惨，最后他的家珍还在，二喜还在，馒头也还在，真好

【冬璃 · 力荐】
在历史的洪流里，人类的渺小不值一提。

【愚老 · 力荐】
时代的写照

【坚强女性卢曼妮 · 推荐】
若现在回忆，似乎里面确实有些让人频生慨叹的台词..."
3319755,怦然心动,2010,美国,"剧情,喜剧,爱情",9.1,2051354,30,https://movie.douban.com/subject/3319755/,https://img1.doubanio.com/view/photo/s_ratio_poster/public/p501177648.jpg,posters/3319755.jpg,罗伯·莱纳,玛德琳·卡罗尔 / 卡兰·麦克奥利菲 / 瑞贝卡·德·莫妮 / 安东尼·爱德华兹 / 约翰·马奥尼 / 佩内洛普·安·米勒 / 艾丹·奎因 / 凯文·韦斯曼 / 摩根·莉莉 / 瑞安·克茨纳,,90分钟,,https://movie.douban.com/top250,2026-05-06 14:00:05,"【. · 推荐】
斯人若彩虹，遇上方知有，这部电影教会我们看人看本心，灵魂契合的悸动，永远让人怦然心动。

【往事不可追 · 推荐】
故事讲的还可以

【junnawoo · 推荐】
还行，不过片中教做人的戏比爱情桥段更好看一点，所以没有心动的感觉

【酒仙桥蕾哈娜 · 力荐】
好细腻的影片，很喜欢"
1851857,蝙蝠侠：黑暗骑士,2008,美国 英国,"剧情,动作,科幻,犯罪,惊悚",9.2,1192980,31,https://movie.douban.com/subject/1851857/,https://img3.doubanio.com/view/photo/s_ratio_poster/public/p462657443.jpg,posters/1851857.jpg,克里斯托弗·诺兰,克里斯蒂安·贝尔 / 希斯·莱杰 / 艾伦·艾克哈特 / 迈克尔·凯恩 / 玛吉·吉伦哈尔 / 加里·奥德曼 / 摩根·弗里曼 / 莫尼克·加布里埃拉·库尔内 / 罗恩·迪恩 / 基里安·墨菲,,152分钟,,https://movie.douban.com/top250,2026-05-06 14:00:05,"【芙芙 · 力荐】
硬币的两面其实应该是蝙蝠侠和小丑，小丑真的是太极致的反派了，好有魅力啊，确实是最有品味的罪犯！其实蝙蝠侠跟小丑有些像，他们并不在乎他们在别人眼里是什么样的，哥谭需要蝙蝠侠是什么样的他就是什么样的，确实是最好的超级英雄电影，黑暗骑士蝙蝠侠！

【Nanaka · 推荐】
原来黑暗骑士是这个意思。

【L · 推荐】
诺兰巅峰之作，小丑塑造影史经典，黑暗与正义极致拉扯，叙事凌厉，深刻叩问人性与秩序。

【对方正在输入中 · 推荐】
希斯·莱杰的小丑，是影史无法超越的疯狂；而蝙蝠侠，是那个甘愿坠入黑暗，来守护哥谭光明的无名英雄。"
1291552,指环王3：王者无敌,2003,美国 新西兰,"剧情,动作,奇幻,冒险",9.3,910743,32,https://movie.douban.com/subject/1291552/,https://img3.doubanio.com/view/photo/s_ratio_poster/public/p2642829472.jpg,posters/1291552.jpg,彼得·杰克逊,伊利亚·伍德 / 西恩·奥斯汀 / 维果·莫腾森 / 奥兰多·布鲁姆 / 伊恩·麦克莱恩 / 肖恩·宾 / 多米尼克·莫纳汉 / 丽芙·泰勒 / 约翰·贝西 / 凯特·布兰切特,,201分钟,,https://movie.douban.com/top250,2026-05-06 14:00:05,"【七海的风 · 力荐】
西方中世纪史师般宏大瑰丽的作品，纪念我年少之时懵懂的英雄幻想。

【来一杯烧仙草 · 力荐】
勇者无敌，太牛了！！！！

【MrLeigh · 力荐】
伟大的快递员系列 完整又宏大

【Hina · 力荐】
263分钟蓝光加长版
泪目数次，终于看完这三部曲史诗巨制。"
26752088,我不是药神,2018,中国大陆,"剧情,喜剧",9.0,2350394,33,https://movie.douban.com/subject/26752088/,https://img1.doubanio.com/view/photo/s_ratio_poster/public/p2527119568.jpg,posters/26752088.jpg,文牧野,徐峥 / 王传君 / 周一围 / 谭卓 / 章宇 / 杨新鸣 / 王砚辉 / 王佳佳 / 贾弘逍 / 龚蓓苾,,117分钟,,https://movie.douban.com/top250,2026-05-06 14:00:05,"【柒夏 · 推荐】
伤

【是方木呢 · 力荐】
夯 我感觉一部电影能拍到这种水平 并且确实改变了现实的法律 真的很成功了 也许这就是电影的意义吧

【稻米ovo · 推荐】
平凡人在生死和现实里挣扎，没有刻意煽情，却句句戳心。看懂了底层人的无奈，也看见了人性里最朴素的善良与救赎。

【十二 · 力荐】
看哭了，至今记得当时和爸爸一起看完后一种深深的无力感（当时还是个学生，还对未来抱有非常美好且有点不切实际的幻想，算是一个理想主义者。这个片子很狠地把我拉到了现实）"
1300267,乱世佳人,1939,美国,"剧情,历史,爱情,战争",9.3,795741,34,https://movie.douban.com/subject/1300267/,https://img1.doubanio.com/view/photo/s_ratio_poster/public/p1963126880.jpg,posters/1300267.jpg,维克多·弗莱明 / 乔治·库克 / 山姆·伍德,费雯·丽 / 克拉克·盖博 / 奥利维娅·德哈维兰 / 托马斯·米切尔 / 芭芭拉·欧内尔 / 伊夫林·凯耶斯 / 安·卢瑟福德 / 乔治·里弗斯 / 弗莱德·克莱恩 / 海蒂·麦克丹尼尔斯,,233分钟,,https://movie.douban.com/top250,2026-05-06 14:00:05,"【周星星是靓仔 · 推荐】
噢，思嘉，你太可爱了🥺

【d0r1s · 力荐】
费雯丽把斯嘉丽演活了，执着勇敢有野心同时又有部分自私冷漠刻薄，谁能不爱上她。

“And I’ve love something that doesn’t really exist. But somehow…I don’t care.” 对虚幻的爱的向往让她错过了 rhett 扎实的爱，最后 rhett 头也不回地走，也让结局没有落俗。

印象深刻的几处是斯嘉丽在战火废墟夕阳下说她会渡过难关，再也不会饥饿；最后 rhett 离去时她「一定有什么办法让他回来」「现在不能想这个，那样我会发疯的」「我明天再想」；在家里枪决入侵者时的勇敢冷静；melanie 和 ashley 重逢的场景；最后父亲的话语萦绕耳边，tara 庄园和土地才是永远给予力量的家；善良的melanie、watling、奶妈。

【bb拜拜👋🏻 · 较差】
也许每个女孩子心中都有一个艾希礼，只有经过时光才发现真爱原来是班瑞德。

【豆友294040813 · 推荐】
一个文明是随风而飘的，最终是要飘散的；一个人的命运是随风而飘的，最终也会飘散。"
2129039,飞屋环游记,2009,美国,"剧情,喜剧,动画,冒险",9.1,1501114,35,https://movie.douban.com/subject/2129039/,https://img3.doubanio.com/view/photo/s_ratio_poster/public/p2571134127.jpg,posters/2129039.jpg,彼特·道格特 / 鲍勃·彼德森,爱德华·阿斯纳 / 克里斯托弗·普卢默 / 乔丹·长井 / 鲍勃·彼德森 / 德尔罗伊·林多 / 杰罗姆·兰福特 / 约翰·拉森贝格 / 大卫·卡耶 / 艾丽·道克特 / 杰里米·利里,,96分钟,,https://movie.douban.com/top250,2026-05-06 14:00:05,"【壳壳 · 力荐】
很感动

【苦～success · 推荐】
好像并没有给我太大感受，只想说，又想干的事，立刻去干吧！老了呢，也可以追梦

【future · 推荐】
非常浪漫的一部动画电影，整体氛围很温馨，探讨了人老了之后的生活，结局还是很幸福的。

【豆小一只】
补录2022.10.1"
3742360,让子弹飞,2010,中国大陆 中国香港,"剧情,喜剧,动作,西部",9.0,1920613,36,https://movie.douban.com/subject/3742360/,https://img3.doubanio.com/view/photo/s_ratio_poster/public/p1512562287.jpg,posters/3742360.jpg,姜文,姜文 / 葛优 / 周润发 / 刘嘉玲 / 陈坤 / 张默 / 姜武 / 周韵 / 廖凡 / 姚橹,,132分钟,,https://movie.douban.com/top250,2026-05-06 14:00:05,"【羊七 · 推荐】
《让子弹飞》 张麻子站着把钱挣了，鹅城的碉楼轰然倒塌。姜文用民国写当代，""公平公平还是他妈的公平""——台词像子弹飞十年。周润发与葛优的博弈，是国产商业片最酣畅的狂欢，也是最后的绝唱。

【半夏黎域 · 推荐】
姜文式的黑色幽默与权谋寓言，台词句句藏梗，隐喻密集，既有着酣畅淋漓的爽感，又能让人反复解读背后的讽刺，演员群像演技炸裂，每一秒都信息量拉满。

【鸡蛋没黄 · 力荐】
经典中的经典，无论何时都不过时

【阿六桃 · 力荐】
精彩 没有一秒钟是多余的 真的牛逼"
1308807,哈尔的移动城堡,2004,日本,"爱情,动画,奇幻,冒险",9.1,1291630,37,https://movie.douban.com/subject/1308807/,https://img9.doubanio.com/view/photo/s_ratio_poster/public/p2907583906.jpg,posters/1308807.jpg,宫崎骏,倍赏千惠子 / 木村拓哉 / 美轮明宏 / 我修院达也 / 神木隆之介 / 伊崎充则 / 大泉洋 / 大塚明夫 / 原田大二郎 / 加藤治子,,119分钟,,https://movie.douban.com/top250,2026-05-06 14:00:05,"【豆友RANbKgNtxY · 力荐】
反战与自我审视，宫崎骏作品里永恒不变的两个主题

【看看又能怎么样 · 力荐】
童年男神哈尔，好帅好帅

【小周不秃头 · 推荐】
哈尔好帅

【莕婞 · 力荐】
宫崎骏以奇幻魔法勾勒唯美童话，漂泊的移动城堡承载浪漫与流浪。被诅咒的苏菲与避世的哈尔相逢，在相伴中彼此救赎、双向治愈。影片画风细腻动人，暗藏深刻反战内核，不用刻意说教，便诠释了爱能破除魔咒，温柔与勇气足以抵御世间风雨动荡。"
1293182,十二怒汉,1957,美国,剧情,9.4,579281,38,https://movie.douban.com/subject/1293182/,https://img3.doubanio.com/view/photo/s_ratio_poster/public/p2173577632.jpg,posters/1293182.jpg,西德尼·吕美特,亨利·方达 / 马丁·鲍尔萨姆 / 约翰·菲德勒 / 李·科布 / E.G.马绍尔 / 杰克·克卢格曼 / 爱德华·宾斯 / 杰克·沃登 / 约瑟夫·史威尼 / 埃德·贝格利,,96分钟,,https://movie.douban.com/top250,2026-05-06 14:00:05,"【momo · 力荐】
关于民主，关于人权。我们永远需要一个敢于站出来提出异议的人。群像塑造太强了，短短一个半小时，一间会议室，一场激辩，每个人物形象都如此立体。

【淡墨龙痕 · 力荐】
十二个人，从愤怒到质疑，无时无刻不在争吵和挣扎，但也无时无刻不在思索与探求，最终放下偏见，相互理解，达成一致。
文明的光辉在此熠熠生辉。

【豆小一只】
补录2023.3.31社心课堂

【未来未来 · 推荐】
合理的怀疑不能推定男孩有罪，最终的结果反而不是重点，十二位陌生人组成陪审团的交流过程，将结论完全扭转无疑是一种智慧和光辉。看过居然一直没有标记…"
25958717,海蒂和爷爷,2015,德国 瑞士,"剧情,冒险,家庭",9.3,782120,39,https://movie.douban.com/subject/25958717/,https://img9.doubanio.com/view/photo/s_ratio_poster/public/p2554525534.jpg,posters/25958717.jpg,阿兰·葛斯彭纳,阿努克·斯特芬 / 布鲁诺·冈茨 / 昆林·艾格匹 / 安娜·申茨 / 伊莎贝尔·奥特曼 / 莉莲·奈福 / 彼得·杰克林 / 克里斯托夫·高格勒 / 丽贝卡·因德穆 / 莫妮卡·古布瑟,,111分钟,,https://movie.douban.com/top250,2026-05-06 14:00:05,"【鲸都 · 推荐】
很温暖

【只只 · 推荐】
这不是一部“故事片”，而是一场心灵SPA。
简单、干净、美好，看完会想：人本来就该这样自由、真诚、靠近自然。

【纯路人 · 推荐】
好

【小瑞xz · 力荐】
愿时光能缓，愿你笑靥如花💖"
21937452,素媛,2013,韩国,剧情,9.3,776432,40,https://movie.douban.com/subject/21937452/,https://img9.doubanio.com/view/photo/s_ratio_poster/public/p2118532944.jpg,posters/21937452.jpg,李濬益,薛景求 / 严志媛 / 李来 / 金海淑 / 金相镐 / 罗美兰 / 杨真诚 / 权泰元 / 赵福来 / 徐现宇,,122分钟,,https://movie.douban.com/top250,2026-05-06 14:00:05,"【卤蛋名帅基不工 · 力荐】
比《熔炉》好在不只写犯罪

【皮丘卡 · 推荐】
小姑娘太懂事了，让人心疼

【明人不放暗屁 · 力荐】
初中老师给放的好像是，忘了老师放的还是自己看的了

【依然 · 力荐】
早几年就看过了。片中小女孩让人心痛不已。"
1305487,猫鼠游戏,2002,美国 加拿大,"传记,犯罪,剧情",9.1,1211666,41,https://movie.douban.com/subject/1305487/,https://img2.doubanio.com/view/photo/s_ratio_poster/public/p453924541.jpg,posters/1305487.jpg,史蒂文·斯皮尔伯格,莱昂纳多·迪卡普里奥 / 汤姆·汉克斯 / 克里斯托弗·沃肯 / 马丁·辛 / 艾米·亚当斯 / 詹妮弗·加纳 / 伊丽莎白·班克斯 / 纳塔莉·贝伊 / 詹姆斯·布洛林 / 艾伦·旁派,,141 分钟,,https://movie.douban.com/top250,2026-05-06 14:00:05,"【花束 · 力荐】
你还走吗 后面已经没人追了

【胖 · 力荐】
🐮怀念以前的电影世界

【kuku · 力荐】
永远为自由的灵魂着迷
心疼弗兰克，他只是一个被亲情抛弃的孩子，他太孤独了
还有我想说，小李子出品必属精品啊

【五月花开 · 力荐】
小李子的人格魅力太大了，整部电影节奏紧凑，反转不断，实在是让人难以自拔，一个逃离家庭的儿子和一个被家庭抛弃的父亲，二人在你追我赶之间不断理解彼此。好久没看过这么精彩的高智商犯罪片了。"
1291583,天空之城,1986,日本,"动画,奇幻,冒险",9.2,1009490,42,https://movie.douban.com/subject/1291583/,https://img2.doubanio.com/view/photo/s_ratio_poster/public/p2892409201.jpg,posters/1291583.jpg,宫崎骏,田中真弓 / 横泽启子 / 初井言荣 / 寺田农 / 常田富士男 / 永井一郎 / 糸博 / 鹫尾真知子 / 神山卓三 / 安原义人,,125分钟,,https://movie.douban.com/top250,2026-05-06 14:00:05,"【Sia_豆腐 · 推荐】
看完最大的感觉是，这是反战片

【Mr.睡不醒 · 推荐】
看到日本兵哗啦哗啦往下掉，高兴坏了

【litinan · 力荐】
坚强真是最最最可爱的品质

【Chikexo · 力荐】
好厉害的世界观，从中看到了海贼王空岛设定、700年的历史、历史正文石头，王国之泪漂浮的城堡、指示神庙的石头等等，特别震撼的诸多参考元素。"
1291858,鬼子来了,2000,中国大陆,"剧情,喜剧",9.3,715531,43,https://movie.douban.com/subject/1291858/,https://img1.doubanio.com/view/photo/s_ratio_poster/public/p2930874010.jpg,posters/1291858.jpg,姜文,姜文 / 香川照之 / 袁丁 / 姜宏波 / 丛志军 / 李丛喜 / 泽田谦也 / 李海滨 / 蔡卫东 / 陈述,,139分钟,,https://movie.douban.com/top250,2026-05-06 14:00:05,"【更好2026 · 推荐】
永远反战

【巧克力薇蛋挞 · 力荐】
黑暗里见人性 刺刀下识民族魂

【千寻 · 还行】
补标

【帕特斯 · 力荐】
看完语塞"
26387939,摔跤吧！爸爸,2016,印度,"剧情,传记,运动,家庭",9.0,1745876,44,https://movie.douban.com/subject/26387939/,https://img1.doubanio.com/view/photo/s_ratio_poster/public/p2401676338.jpg,posters/26387939.jpg,涅提·蒂瓦里,阿米尔·汗 / 法缇玛·萨那·纱卡 / 桑亚·玛荷塔 / 阿帕尔夏克提·库拉那 / 沙克希·坦沃 / 塞伊拉·沃西 / 苏哈妮·巴特纳格尔 / 里特维克·萨霍里 / 吉里什·库卡尼 / 什沙尔·夏尔马,,140分钟(中国大陆),,https://movie.douban.com/top250,2026-05-06 14:00:05,"【兔牙Tz · 推荐】
《摔跤吧！爸爸》是一部很励志的片子，女孩一步步变得强大，看完之后对我的帮助也很大。

【速度の王 · 推荐】
电影院观感还挺燃的

【margarite乀 · 力荐】
17年看的作品了。
时隔9年还留有印象，当时现象级的印度电影。

【巧克力薇蛋挞 · 力荐】
父肩托举梦想 汗水摔出荣光"
1929463,少年派的奇幻漂流,2012,美国 中国台湾 英国 加拿大,"剧情,奇幻,冒险",9.1,1490175,45,https://movie.douban.com/subject/1929463/,https://img2.doubanio.com/view/photo/s_ratio_poster/public/p1784592701.jpg,posters/1929463.jpg,李安,苏拉·沙玛 / 伊尔凡·可汗 / 拉菲·斯波 / 阿迪勒·侯赛因 / 塔布 / 阿尤什·坦东 / 加塔姆·贝鲁尔 / 阿彦·汗 / 穆德·阿巴斯·卡勒里 / 维比什·希瓦库玛,,127分钟,,https://movie.douban.com/top250,2026-05-06 14:00:05,"【人间刻薄机 · 推荐】
派给老虎喂鱼的那一幕不是在驯兽，是在喂养自己的另一面——那个在绝境中不得不杀人的少年。

【别把自己当回事 · 推荐】
派给老虎喂鱼的那一幕不是在驯兽，是在喂养自己的另一面——那个在绝境中不得不杀人的少年。

【醒木 · 力荐】
和孩子一起看，再一次被纯净的大自然震撼，明亮的星辰倒影在浩瀚的海洋上，形态各异的鱼类在月光下一览无余，暴风雨前人类与动物的渺小；人类在绝境下表达的欲望被放大，马斯洛最底层需求除了吃喝拉撒，还有交流，哪怕对象是一只随时会吃掉自己的老虎。

【简单就好1314 · 推荐】
很不错的冒险奇幻片，剧情精彩，画面壮美！"
1296736,钢琴家,2002,英国 法国 波兰 德国 美国,"剧情,传记,战争,音乐",9.3,750668,46,https://movie.douban.com/subject/1296736/,https://img2.doubanio.com/view/photo/s_ratio_poster/public/p1381339291.jpg,posters/1296736.jpg,罗曼·波兰斯基,阿德里安·布罗迪 / 托马斯·克莱舒曼 / 艾米莉娅·福克斯 / 米哈乌·热布罗夫斯基 / 埃德·斯托帕德 / 穆琳·利普曼 / 弗兰克·芬莱 / 茱莉亚·蕾娜 / 杰西卡·凯特·梅耶尔 / 理查德·赖丁斯,,149分钟,,https://movie.douban.com/top250,2026-05-06 14:00:05,"【豆瓣用户 · 力荐】
战火浸乐章，琴声救赎破碎乱世灵魂

【ly541880 · 力荐】
超5星，太精彩了，跌宕起伏，讲述了太多内容的故事，太喜欢这种多剧情故事

【我是一朵西蓝花 · 力荐】
战争会摧毁一切，却摧毁不了人对美的渴望。

【小洪 · 还行】
这里的开枪没有任何理由，钢琴家经历大起大落，德国军官最后二十分钟才出场就结束了。"
1291572,指环王2：双塔奇兵,2002,美国 新西兰,"剧情,动作,奇幻,冒险",9.2,857729,47,https://movie.douban.com/subject/1291572/,https://img9.doubanio.com/view/photo/s_ratio_poster/public/p2640236255.jpg,posters/1291572.jpg,彼得·杰克逊,伊利亚·伍德 / 西恩·奥斯汀 / 多米尼克·莫纳汉 / 奥兰多·布鲁姆 / 维果·莫腾森 / 伊恩·麦克莱恩 / 凯特·布兰切特 / 比利·博伊德 / 杰德·布罗菲 / 丽芙·泰勒,,180分钟,,https://movie.douban.com/top250,2026-05-06 14:00:05,"【张汉杰 · 推荐】
太长了，整部影片下来，只感到“疲惫”两个字

【俞今心 · 推荐】
阿拉贡的人格魅力太大了…

这是我最爱的故事！（每次夏尔的专属bgm响起就冒眼泪花花，想看每个小霍比特人开开心心生活的时光

【速度の王 · 力荐】
三部曲都喜欢

【巧克力薇蛋挞 · 力荐】
双塔烽烟燃中土 情义并肩踏破黑暗征途"
1291548,死亡诗社,1989,美国,剧情,9.2,884099,48,https://movie.douban.com/subject/1291548/,https://img1.doubanio.com/view/photo/s_ratio_poster/public/p2575465690.jpg,posters/1291548.jpg,彼得·威尔,罗宾·威廉姆斯 / 罗伯特·肖恩·莱纳德 / 伊桑·霍克 / 乔西·查尔斯 / 盖尔·汉森 / 迪伦·库斯曼 / 阿勒隆·鲁杰罗 / 詹姆斯·沃特斯顿 / 诺曼·劳埃德 / 柯特伍德·史密斯,,128 分钟,,https://movie.douban.com/top250,2026-05-06 14:00:05,"【淲流 · 力荐】
Carpe diem

【淡彩_曲奇 · 力荐】
就算孩子自杀了，这位父亲依然不觉得是自己的错误……

【土土豆豆 · 力荐】
老泪纵横 没想到是这样的结局

【APORIA · 还行】
3.5。其实在neil自杀前都只想着给四星，想着还行不至于打三星。（感觉3.5还抬举它了）
首先很经典的就是扑面而来的男味和很美国的剧情与人物形象，其次是意义不明地不经意间把诗歌的产生和诗人描写成作法和巫师。到这都还好，但电影后半段直接给我爆了，neil经不起推敲的自杀逻辑与不负责任、诗社成员毫无铺垫的背叛（此前情节该成员并未表露出半点对诗社的不满意与不忠诚），主打的就是让观众出乎意料与猝不及防，哈哈骗你的其实我是恐怖片来的。但其实说白了这诗社就没几个人真的对诗带有热情和兴趣吧，那为什么还要营造一种“我们惺惺相惜团结一致”的姿态，所有人都振振有词的说要恪守死亡诗社的格言，结果没一个人当回事。再加上用别人的诗假装成自己的用来泡妞，和诡异美化ntr情节，而且你猜怎么着，电影里三个女生全是金发耶！"
1299398,大话西游之月光宝盒,1995,中国香港 中国大陆,"喜剧,爱情,奇幻,古装",9.0,1366176,49,https://movie.douban.com/subject/1299398/,https://img3.doubanio.com/view/photo/s_ratio_poster/public/p2561721372.jpg,posters/1299398.jpg,刘镇伟,周星驰 / 吴孟达 / 罗家英 / 蓝洁瑛 / 莫文蔚 / 江约诚 / 陆树铭 / 刘镇伟 / 朱茵 / 李健仁,,88分钟,,https://movie.douban.com/top250,2026-05-06 14:00:05,"【芭比橙子 · 力荐】
必须多看几遍才能感觉出味道有股子淡淡的忧伤感。

【珍珠奶茶走柠檬 · 力荐】
好看

【rain · 力荐】
好看，和爸爸看的，全程没走神，笑点颇多

【孤海游鱼 · 推荐】
“我们终将成为岁月里的一个传说，但传说之所以美丽，是因为有人愿意用一生去证明：爱不需要结局，只需要认真发生过。"
27060077,绿皮书,2018,美国 中国大陆,"剧情,喜剧,传记,音乐",8.9,1893671,50,https://movie.douban.com/subject/27060077/,https://img2.doubanio.com/view/photo/s_ratio_poster/public/p2531065411.jpg,posters/27060077.jpg,彼得·法雷里,维果·莫腾森 / 马赫沙拉·阿里 / 琳达·卡德里尼 / 塞巴斯蒂安·马尼斯科 / 迪米特·D·马里诺夫 / 迈克·哈顿 / P·J·伯恩 / 乔·柯蒂斯 / 玛姬·尼克松 / 冯·刘易斯,,130分钟,,https://movie.douban.com/top250,2026-05-06 14:00:05,"【每天都好困 · 还行】
《绿皮书》叙事温情动人，种族话题处理巧妙。人物刻画细腻，主角互动默契。画面质感佳，配乐贴合，以幽默笔触化解沉重，带来温暖与思考。

【速度の王 · 力荐】
最喜欢“dear～Dolores”

【人间富贵花 · 推荐】
温暖又心酸，很喜欢结局，进了tony家

【摩根弗里曼 · 力荐】
连续看了两遍，看完好像全身心都被净化了，浑身暖洋洋的，很明媚"
30170448,何以为家,2018,黎巴嫩 美国 法国 塞浦路斯 卡塔尔 英国,剧情,9.1,1162986,51,https://movie.douban.com/subject/30170448/,https://img3.doubanio.com/view/photo/s_ratio_poster/public/p2875749222.jpg,posters/30170448.jpg,娜丁·拉巴基,赞恩·阿尔·拉菲亚 / 约丹诺斯·希费罗 / 博鲁瓦蒂夫·特雷杰·班科尔 / 卡萨尔·艾尔·哈达德 / 法迪·尤瑟夫 / 海塔·塞德拉·伊扎姆 / 阿拉·乔什涅 / 娜丁·拉巴基 / 埃利亚斯·库利 / 努尔·艾尔·侯赛尼,,117分钟(中国大陆),,https://movie.douban.com/top250,2026-05-06 14:00:05,"【hi · 推荐】
它让我们重新审视自己的生活，思考我们所拥有的和所缺失的，以及我们如何能够为社会做出更多的贡献。

【宋山荷 · 推荐】
其实比起片头片尾对父母生下自己的控诉，更让我想要流泪的是“赞恩上电视了”和“这是身份证明，不是死亡证明”。控诉背后的愤怒与悲凉还是太沉重了，让人没有办法作出任何表示。

【Nycoly_L · 还行】
可怜的小孩。愚昧的父母。绝望的土壤。

【学徒小张儿 · 推荐】
真惨啊，是真的，一点都不卖惨和装"
1298624,闻香识女人,1992,美国,剧情,9.1,1023867,52,https://movie.douban.com/subject/1298624/,https://img1.doubanio.com/view/photo/s_ratio_poster/public/p2550757929.jpg,posters/1298624.jpg,马丁·布莱斯特,阿尔·帕西诺 / 克里斯·奥唐纳 / 詹姆斯·瑞布霍恩 / 加布里埃尔·安瓦尔 / 菲利普·塞默·霍夫曼 / 理查德·文彻 / 布莱德利·惠特福德 / 罗谢尔·奥利弗 / 玛格丽特·埃金顿 / 汤姆·里斯·法雷尔,,157 分钟,,https://movie.douban.com/top250,2026-05-06 14:00:05,"【测不准波粒 · 力荐】
被片名耽误的好片子

【豆瓣用户 · 力荐】
灵魂永不沉沦，黑暗亦能寻得光亮

【杨迪 · 力荐】
三刷过的电影，老叔很有魅力

【小白白白大人 · 力荐】
忘了啥时候看的了，最近听到那首tango还是激动得不行，好电影真经得起时间"
1418019,大闹天宫,,1964(中国大陆),1978(中国大陆),9.4,510200,53,https://movie.douban.com/subject/1418019/,https://img3.doubanio.com/view/photo/s_ratio_poster/public/p2184505167.jpg,posters/1418019.jpg,万籁鸣,邱岳峰 / 富润生 / 毕克 / 尚华 / 于鼎 / 李梓 / 刘广宁,,113分钟,,https://movie.douban.com/top250,2026-05-06 14:00:05,"【momo · 推荐】
看完真的只剩震撼，老动画是真国风巅峰。孙悟空桀骜且鲜活，敢反抗天规，画面写意且大气！

【十几 · 力荐】
艺术！

【芝士球 · 力荐】
桀骜齐天破桎梏，一身傲骨撼天道

【心中弟城 · 力荐】
我想问谁小时候没去看过"
1291843,黑客帝国,1999,美国,"动作,科幻",9.1,951095,54,https://movie.douban.com/subject/1291843/,https://img1.doubanio.com/view/photo/s_ratio_poster/public/p451926968.jpg,posters/1291843.jpg,莉莉·沃卓斯基 / 拉娜·沃卓斯基,基努·里维斯 / 劳伦斯·菲什伯恩 / 凯瑞-安·莫斯 / 雨果·维文 / 格洛丽亚·福斯特 / 乔·潘托里亚诺 / 马库斯·钟 / 朱利安·阿拉汗加 / 马特·多兰 / 贝琳达·麦克洛里,,136分钟,,https://movie.douban.com/top250,2026-05-06 14:00:05,"【江湖浪子 · 推荐】
世界观很有趣，设定太超前了。情节还挺简单，故事套路也蛮经典的，作为99年的特效很可以了。男女主很帅，慢动作镜头现在看看来一部分有点搞笑一部分很酷，地铁反杀那里有点突然。以为是黑客智斗片其实是功夫武打片，甚至武术服都还是交领的。感觉赛博朋克边缘行者有借鉴这部电影。

【Janet · 力荐】
太超前了

【白日梦想家 · 力荐】
我的一生都在选红药丸还是蓝药丸

【豆友292620269 · 还行】
这些人运行的不过是系统编写的有人类特征的代码而已，没有什么自主意识；另外1％的人自主意识比较强"
1291571,指环王1：护戒使者,2001,新西兰 美国 英国,"剧情,动作,奇幻,冒险",9.1,960830,55,https://movie.douban.com/subject/1291571/,https://img9.doubanio.com/view/photo/s_ratio_poster/public/p2197698335.jpg,posters/1291571.jpg,彼得·杰克逊,伊利亚·伍德 / 西恩·奥斯汀 / 伊恩·麦克莱恩 / 维果·莫腾森 / 奥兰多·布鲁姆 / 多米尼克·莫纳汉 / 比利·博伊德 / 克里斯托弗·李 / 马尔顿·索克斯 / 梅根·爱德华兹,,179分钟,,https://movie.douban.com/top250,2026-05-06 14:00:05,"【momo · 力荐】
视觉震撼，夏尔永远的快乐老家

【单单 · 力荐】
史诗一般的作品，b站字幕好用心

【Magnolia_Clow · 力荐】
家园已在身后，世界尽在眼前。

【断网人 · 力荐】
一部人与欲望抗争的史诗 ！"
1293839,罗马假日,1953,美国,"喜剧,剧情,爱情",9.1,1049060,56,https://movie.douban.com/subject/1293839/,https://img9.doubanio.com/view/photo/s_ratio_poster/public/p2189265085.jpg,posters/1293839.jpg,威廉·惠勒,奥黛丽·赫本 / 格利高里·派克 / 埃迪·艾伯特 / 哈特利·鲍尔 / 哈考特·威廉姆斯 / 玛格丽特·罗林斯 / 托里奥·卡米纳提 / 保罗·卡利尼 / 克劳迪奥·埃尔梅利 / 保拉·布鲁布尼,,118分钟,,https://movie.douban.com/top250,2026-05-06 14:00:05,"【甲乙 · 力荐】
《罗马假日》的魅力，它用最温柔的方式，讲述了最深刻的爱情与成长。它告诉我们，真正的浪漫，不是轰轰烈烈的相守，而是心底永远留存的那份美好与尊重；真正的成长，是既能勇敢追寻自由与热爱，也能坦然扛起责任与担当。那段短暂的假日时光，如同罗马城的阳光，温暖了岁月，也惊艳了影史，成为了所有人心中永不褪色的爱情童话。

【TAMA仔 · 还行】
可能是我已过这个年纪，对这个露水情缘的一日游故事已经没了少女时期那种浪漫感。有些电影还是需要早点看

【讨厌吃香菜 · 推荐】
推荐这部经典爱情片，温柔又浪漫，满是遗憾。

【Windfall · 推荐】
为了罗马之行翻出很多播客、纪录片、电影电视剧，罗马假日很有名但我一直没看过，这次是个好契机。
电影简直是行走的罗马旅游宣传片，不知道到时候我真的走在电影里出现的那些景点、街道，内心会有怎样的感受。
我没有想到以前的电影是这种风格，故事情节现实+一点浪漫，不会全靠幻想，足以让我相信这样的事一定会发生在世界的某个角落。虽然可能会唏嘘男女主角因为身份而最终无法在一起，但转念一想，如果不是这样的身份差距，他们会发生这样的故事，产生这样的感情，而让观众如此遗憾吗？很喜欢故事的结局，很多事情经历过留下美好的记忆便是财富了，喜欢不代表要永远的占有。"
1299131,教父2,1974,美国,"剧情,犯罪",9.3,640608,57,https://movie.douban.com/subject/1299131/,https://img3.doubanio.com/view/photo/s_ratio_poster/public/p2194138787.jpg,posters/1299131.jpg,弗朗西斯·福特·科波拉,阿尔·帕西诺 / 罗伯特·杜瓦尔 / 黛安·基顿 / 罗伯特·德尼罗 / 约翰·凯泽尔 / 塔莉娅·夏尔 / 李·斯特拉斯伯格 / 迈克尔·V·格佐 / G•D•斯普拉德林 / 理查德·布赖特,,202分钟,,https://movie.douban.com/top250,2026-05-06 14:00:05,"【得得得 · 力荐】
最后的几分钟，麦克在想些什么。

【不自知 · 力荐】
看时：麦克怎么赢啊555（让我觉得搞笑的两个片段：二哥看表演看美了将暴露自己认识强尼；除夕夜护士在窗外庆祝，对于打手潜入病房想要暗杀xx毫无知觉）
看后：麦克你担起家族重任辛苦了（麦克问母亲，自己的父亲在守护家族的过程中也没有迷失自我的时候，我好感慨啊）

【芝士球 · 力荐】
家族荣光沉浮，权谋一生只剩荒芜

【呵 · 推荐】
《教父2》双线叙事交织，一边是迈克在权力中逐渐沉沦，一边回溯教父早年的奋斗往事。影片褪去热血，满是孤独与悲凉，深入剖析权力对人性的腐蚀。家族、背叛与孤独贯穿始终，格局宏大，情感深沉，比前作更具悲剧色彩，是超越前作的经典续作。"
1301753,狮子王,1994,美国,"动画,冒险,歌舞",9.1,961606,58,https://movie.douban.com/subject/1301753/,https://img3.doubanio.com/view/photo/s_ratio_poster/public/p726659067.jpg,posters/1301753.jpg,罗杰·阿勒斯 / 罗伯·明可夫,乔纳森·泰勒·托马斯 / 马修·布罗德里克 / 杰瑞米·艾恩斯 / 詹姆斯·厄尔·琼斯 / 莫伊拉·凯利 / 内森·连恩 / 尼基塔·卡兰姆 / 埃林·萨贝拉 / 乌比·戈德堡 / 罗温·艾金森,,89 分钟,,https://movie.douban.com/top250,2026-05-06 14:00:05,"【豆友-l-iLyZXQk · 力荐】
好看，经典永不过时

【你要上天啊 · 推荐】
这动画说的是龙生龙凤生凤、狮子王的孩子还是王；野心家的夺权、王子的复位，以及童年情愫、成年的炮。这动画加分都在技术项，比如使用了当时最先进的2D动画技术，现在看来极具美感渲染的画面，以及太经典的歌曲，《Can You Feel the Love Tonight》一曲足矣！8.4

【豆友Ut_h9C8kbI · 推荐】
夯爆了狮子王，冲啊狮子王，你是最厉害的

【小白白白大人 · 力荐】
小时候超喜欢这部，觉得是最好看的动画，直到后来看了日本动画才改观。"
1291828,天堂电影院,1988,意大利 法国,"剧情,爱情",9.2,741914,59,https://movie.douban.com/subject/1291828/,https://img1.doubanio.com/view/photo/s_ratio_poster/public/p2653054340.jpg,posters/1291828.jpg,朱塞佩·托纳多雷,菲利普·努瓦雷 / 萨瓦特利·卡西欧 / 雅克·贝汉 / 马克·莱昂纳蒂 / 莱奥波多·特里耶斯泰 / 安东内拉·阿蒂利 / 恩佐·卡拉瓦勒 / 艾萨·丹尼埃利 / 里奥·故罗塔 / 普佩拉·玛奇奥,,124分钟(中国大陆),,https://movie.douban.com/top250,2026-05-06 14:00:05,"【Carpe diem · 力荐】
“如果日复一日地待在这个地方，你会把这里当成世界的中心”阿尔弗雷多你在让托托离开时内心也有很多不舍吧，直到去世前也在为托托着想的你思念累积又了多少呢🥹🥹🥹

【手打柠檬茶 · 推荐】
用电影衡量一个时代的长度，用一部电影拼凑出两代人的一生。
永远不要回头寻找故土，如果不经历蜕变，就会像跟不上时代的电影院一样荒废。生活比电影难多了。
结局的礼物很感人，也很巧妙。

【QQQQQQQQ · 推荐】
看完《天堂电影院》，能真切感受到旧时光的美好与遗憾。老式电影院承载了小镇所有人的欢乐，大人小孩都能在这里找到简单的快乐。男主和放映师之间的情谊格外动人，长辈的指引悄悄改变了少年的人生方向。时代不断向前，老影院最终难逃被淘汰的命运，就像过往的岁月再也回不去。影片没有刻意制造煽情桥段，真实的情节却很容易让人产生共鸣，看懂之后，便能读懂时光流逝的无奈

【格鲁小特 · 力荐】
关于生命长河里的一些爱和坚守"
1291818,饮食男女,1994,中国台湾 美国,"剧情,家庭",9.2,726066,60,https://movie.douban.com/subject/1291818/,https://img2.doubanio.com/view/photo/s_ratio_poster/public/p1910899751.jpg,posters/1291818.jpg,李安,郎雄 / 杨贵媚 / 吴倩莲 / 王渝文 / 张艾嘉 / 归亚蕾 / 赵文瑄 / 陈昭荣 / 陈捷文 / 卢金城,,124分钟,,https://movie.douban.com/top250,2026-05-06 14:00:05,"【🌵 · 力荐】
心疼家倩了真的以为最无情其实最恋旧

【小芽Grace · 力荐】
天呐，这一家人的生活，每一个镜头每一句话每一处都恰到好处，几条故事线明线暗线，生活中的试探波澜与跳跃，家倩的进退，天呐，像是看似清淡实则味道丰富的菜，天呐

【prettghost · 推荐】
何意味…但倒不是因为这个忘年恋扣分，主要是年代感有点重了？

【百利 · 力荐】
看饿了"
21937445,辩护人,2013,韩国,剧情,9.2,658501,61,https://movie.douban.com/subject/21937445/,https://img9.doubanio.com/view/photo/s_ratio_poster/public/p2158166535.jpg,posters/21937445.jpg,杨宇硕,宋康昊 / 金迎爱 / 吴达洙 / 郭度沅 / 任时完 / 宋永彰 / 郑元中 / 赵敏基 / 李杭娜 / 李星民,,127分钟,,https://movie.douban.com/top250,2026-05-06 14:00:05,"【momo · 推荐】
没有热血煽情的刻意渲染，却有着直击人心的力量。平凡律师从只为生计奔波，到为正义挺身而出。影片以真实事件为底色，直面时代现实与法理良知。小人物的觉醒、普通人的抗争，隐忍又震撼，看完满是动容与深思。...

【七川漓 · 推荐】
这种案子居然可以公开开庭还可以有记者甚至外媒到场耶，还是太讲法治了（（

【空境之森 · 推荐】
为这种题材点赞
印象深刻的是那句问话“什么是国家”，国家不是暴力执法的警察和官僚，国家是由人们构成的
不过庭审剧情略平

【asdfghjkl · 推荐】
“辩护人”这部经典老片终于看完了
除了敬佩韩国的敢拍和电影环境的友好
还有宋康昊欧巴的演技外
最深的感触就是
“穷则独善其身，达则兼济天下”"
1485260,本杰明·巴顿奇事,2008,美国,"剧情,爱情,奇幻",9.0,1106012,62,https://movie.douban.com/subject/1485260/,https://img3.doubanio.com/view/photo/s_ratio_poster/public/p2192535722.jpg,posters/1485260.jpg,大卫·芬奇,布拉德·皮特 / 凯特·布兰切特 / 朱莉娅·奥蒙德 / 芳妮·A·钱勃丝 / 伊莱亚斯·科泰斯 / 杰森·弗莱明 / 大卫·詹森 / 蒂尔达·斯文顿 / 艾丽·范宁 / 乔安娜·塞勒,,166分钟,,https://movie.douban.com/top250,2026-05-06 14:00:05,"【小佳 · 推荐】
当别人都在顺着时间长大、变老，本杰明·巴顿却从一个皱巴巴的老婴儿，逆着时光，越活越年轻。他的一生，从出生开始就是一场倒计时的告别：别人走向未来，他走向过去；别人慢慢老去，他慢慢变回孩子。

【聪明勇敢黑大帅 · 力荐】
晚安，黛西

【TS · 力荐】
是真的像是过了一生的电影。
沉重的感觉。

【椿月 · 力荐】
很震撼，每一个画面都很美，故事有力量，非常好看"
1292000,搏击俱乐部,1999,美国,"剧情,动作,悬疑,惊悚",9.0,976600,63,https://movie.douban.com/subject/1292000/,https://img3.doubanio.com/view/photo/s_ratio_poster/public/p1910931622.jpg,posters/1292000.jpg,大卫·芬奇,爱德华·诺顿 / 布拉德·皮特 / 海伦娜·伯翰·卡特 / 扎克·格雷尼尔 / 米特·洛夫 / 杰瑞德·莱托 / 艾恩·贝利 / 里奇蒙德·阿奎特 / 乔治·马奎尔 / 卡尔·西阿法里奥,,139 分钟,,https://movie.douban.com/top250,2026-05-06 14:00:05,"【普拉顿桑格斯 · 力荐】
确实神，但有点没看懂

【息。 · 推荐】
或许会再看一遍

【Lsdlsdlsd · 推荐】
结尾逐渐烂俗但是也很符合本入的烂俗品味，喜欢
（总之谁不喜欢在落地窗前看摩天大楼爆炸呢）

【SaveMetheWaltz · 力荐】
前半段男主一直没有自己的名字，他一直在挣扎，直到鲍勃之死，才幡然醒悟。永远不要放任自己顺从坠落的惯性。最后居然是以男女主的爱情结尾的，我一边觉得前面那么猛结局就这?一边品出了一丝诡异的浪漫。"
1306029,美丽心灵,2001,美国,"传记,剧情",9.1,854111,64,https://movie.douban.com/subject/1306029/,https://img1.doubanio.com/view/photo/s_ratio_poster/public/p1665997400.jpg,posters/1306029.jpg,朗·霍华德,罗素·克劳 / 艾德·哈里斯 / 詹妮弗·康纳利 / 克里斯托弗·普卢默 / 保罗·贝坦尼 / 亚当·戈德堡 / 乔什·卢卡斯 / 安东尼·拉普 / 贾森·加里-斯坦福德 / 贾德·赫希,,135分钟,,https://movie.douban.com/top250,2026-05-06 14:00:05,"【嗑瓜子吗 · 力荐】
看到后面好怕Alicia也是假的，还好不是。左手手帕，右手钢笔，手帕是Alicia，钢笔是对数学的偏执，缺一不可。

【睿泽瑾逸 · 力荐】
非常感人的故事

【一贴清凉散 · 力荐】
看之前担心会有点枯燥，看完后发现剧情推进的节奏恰到好处，短短两小时将天才的骄傲与痛苦展现得淋漓尽致。惊叹于纳什与精神分裂症抗争到老的毅力，更惊叹于妻子的日夜相伴。
虽然电影较现实有所美化，但谁能说这不是一个好故事呢？

【Lone-DK · 推荐】
8.9   天使老婆"
3008247,穿条纹睡衣的男孩,2008,英国 美国,"剧情,战争",9.2,642434,65,https://movie.douban.com/subject/3008247/,https://img3.doubanio.com/view/photo/s_ratio_poster/public/p1473670352.jpg,posters/3008247.jpg,马克·赫尔曼,阿萨·巴特菲尔德 / 维拉·法米加 / 卡拉·霍根 / 祖萨·霍尔 / 安贝尔·比蒂 / 拉斯洛·阿隆 / 大卫·休里斯 / 理查德·约翰逊 / 谢拉·汉考克 / 伊凡·弗雷贝利,,94分钟,,https://movie.douban.com/top250,2026-05-06 14:00:05,"【灯泡亮了 · 力荐】
一种无法言说的悲伤，一切处理得都太妙了

【ZryMartine · 推荐】
小朋友和人相处只需要考虑交朋友，他只会觉得囚服是睡衣，苦力是玩耍，战争可就要考虑多了去了，如何占领更多土地，统治更多人。真相需要自己探索，而不是一味被灌输，要独立思考。是控诉战争到最后伤痛是儿童。

【该群众团结同志 · 力荐】
天真无邪的小男孩最后丧命了，并不可怜，在滔天罪恶下没有无辜者，死在广岛长崎原子弹下的没有冤魂

【爱与和平 · 力荐】
以孩童视角展现二战集中营的残酷，纯真与罪恶形成强烈对比。剧情压抑，结局震撼，引发对人性与战争的反思。画面克制，情感冲击力强，适合成年观众深思。"
3011235,哈利·波特与死亡圣器(下),2011,美国 英国,"奇幻,冒险",9.0,971844,66,https://movie.douban.com/subject/3011235/,https://img1.doubanio.com/view/photo/s_ratio_poster/public/p2913457020.jpg,posters/3011235.jpg,大卫·叶茨,丹尼尔·雷德克里夫 / 艾玛·沃森 / 鲁伯特·格林特 / 海伦娜·伯翰·卡特 / 拉尔夫·费因斯 / 艾伦·瑞克曼 / 玛吉·史密斯 / 汤姆·费尔顿 / 邦妮·怀特 / 朱丽·沃特斯,,130分钟,,https://movie.douban.com/top250,2026-05-06 14:00:05,"【速度の王 · 推荐】
最难过的一部

【玛卡巴卡 · 推荐】
“他心中有一份最纯洁最真挚最虔诚的爱，却必须用最冷酷最无情最黑暗的恨来掩盖一切。”

【🙈 · 力荐】
只看过电影版，但觉得似乎原著里有很多情节和人物描写都被删除了。19年后的结局也只交代了各自的家庭成员，没太说明白每一个人在魔法事业上的结局。另外，我在这一部才知道斯内普是个好人，也太别扭了吧哥。。虽然深沉的感情确实好吃，但是这种阴湿男的风味我最近实在是不太感冒了hhh

【张张晶 · 力荐】
为snape而流下热泪"
1292220,情书,1995,日本,"剧情,爱情",8.9,1327224,67,https://movie.douban.com/subject/1292220/,https://img1.doubanio.com/view/photo/s_ratio_poster/public/p2648230660.jpg,posters/1292220.jpg,岩井俊二,中山美穗 / 丰川悦司 / 酒井美纪 / 柏原崇 / 范文雀 / 篠原胜之 / 铃木庆一 / 田口智朗 / 加贺麻理子 / 光石研,,117分钟,,https://movie.douban.com/top250,2026-05-06 14:00:05,"【妮可 · 力荐】
终于看了这部。书籍我早几年就看过，因此对于看影片的兴致不算高。画面真是美，两位女主我开始竟然傻傻分不清哈哈，她们穿搭好好看哦。说实话，看完我很想亲我家小狗女士。

【李豌豆 · 还行】
和我想象的不太一样诶 我看名字以为是纯纯初恋片 没想到是女主发现自己是男主初恋的替身（疑似）的故事

【LinXPire · 推荐】
爱一个人究竟是爱其本身，还是爱其投射的幻影

【bobo · 力荐】
画面干净到极致，情绪淡得像雪，后劲却特别大。"
1293350,两杆大烟枪,1998,英国,"剧情,喜剧,犯罪",9.1,678700,68,https://movie.douban.com/subject/1293350/,https://img1.doubanio.com/view/photo/s_ratio_poster/public/p792443418.jpg,posters/1293350.jpg,盖·里奇,杰森·弗莱明 / 德克斯特·弗莱彻 / 尼克·莫兰 / 杰森·斯坦森 / 斯蒂文·麦金托什 / 尼古拉斯·罗尔 / 维尼·琼斯 / 蓝尼·麦克林 / P.H.莫里亚蒂 / 弗兰克·哈珀,,107分钟,,https://movie.douban.com/top250,2026-05-06 14:00:05,"【豆友203244680 · 力荐】
我快被笑死了

【半夏黎域 · 还行】
黑色幽默的教科书级作品，多线叙事环环相扣，荒诞又紧凑，英式冷笑话与犯罪剧情碰撞出奇妙火花，节奏利落反转密集，每一次重看都能发现新的细节笑点。

【梦鹭】
搞笑的英式发音，神一般的剧情，很棒

【想要成为大导演 · 力荐】
果然宁浩缺的不是暴力，不是犯罪，不是多线叙事的复杂程度，就是英伦腔那股子独特的风骚，真绝了，和黑色幽默天生一对的腔调，开放式结局大赞"
1900841,窃听风暴,2006,德国,"剧情,悬疑",9.2,632613,69,https://movie.douban.com/subject/1900841/,https://img1.doubanio.com/view/photo/s_ratio_poster/public/p1808872109.jpg,posters/1900841.jpg,弗洛里安·亨克尔·冯·多纳斯马尔克,乌尔里希·穆埃 / 马蒂娜·格德克 / 塞巴斯蒂安·科赫 / 乌尔里希·图库尔 / 托马斯·蒂梅 / 汉斯-尤韦·鲍尔 / 沃克马·克莱纳特 / 马提亚斯·布伦纳 / 查理·哈纳 / 赫伯特·克瑙普,,137分钟,,https://movie.douban.com/top250,2026-05-06 14:00:05,"【🌟 · 力荐】
HGF在了解了作家的生活后意识到原来自己之前所信奉的是不好的 被作家的生活 思想所打动，所以一次次的帮助他
而作家也在终于得知了HGF的存在后放弃当面感谢他而是选择放弃写作几年后重新创作，为了感谢他
真好 再冰冷压抑的环境中 都会有真心相对的时刻 
另外 女演员也太美了吧 酒吧那段我全程感叹美貌

【点星绮梦STAR · 力荐】
观看过程中，我能感受到维斯勒的心理变化，被深深触动和震撼。极权的阴影下，压抑、麻木、无奈，占据了多数时候是黑暗或者灰白的画面。影片结构完整，结尾的“回礼”令人久久回味。
对照历史和现实，对于极权的反思，十分有意义，对于生活在中国的人们，应该会很有感触 。

【啊咧 · 推荐】
艺术家的妻子好可怜…主角们都在柏林墙倒塌后继续生活只有最无助的她死掉了。本来想打一星的，但看老保被戳中痛脚破防骂街，不得不五星赞美了（扣一星～

【asprin · 力荐】
近期最佳，高分当之无愧，且为自己多年前看开头没看进去感到遗憾，当时初看觉得男主一看就是个坏蛋，特别是那双眼睛。可是现在完整看完，我宣布是我看过的电影里最喜欢的结局和定格，从他翻开书看到致谢就开始感动。到电影结束，那句“是给我自己的”，然后画面戛然而止，怎么能结束得那么恰到好处，只有那双眼睛被定格，特别是那双眼睛。"
1294408,音乐之声,1965,美国,"剧情,传记,爱情,歌舞",9.1,685009,70,https://movie.douban.com/subject/1294408/,https://img3.doubanio.com/view/photo/s_ratio_poster/public/p453788577.jpg,posters/1294408.jpg,罗伯特·怀斯,朱莉·安德鲁斯 / 克里斯托弗·普卢默 / 埃琳诺·帕克 / 理查德·海顿 / 佩吉·伍德 / 查尔敏·卡尔 / 希瑟·孟席斯-尤里克 / 尼古拉斯·哈蒙德 / 杜安·蔡斯 / 安吉拉·卡特怀特,,174分钟,,https://movie.douban.com/top250,2026-05-06 14:00:05,"【momo · 推荐】
《哆来咪》一响，童年就回来了！修女带着七个孩子满山跑，歌声太治愈。上校最后唱《雪绒花》那刻，暖哭了。

【Peter · 力荐】
在Salzburg回Vienna的车上再看 真经典啊 从情节到画面到歌 从主角到配角 堪称完美

【Ro71 · 力荐】
人类不能没有音乐——罕见的，能让人忽略种族、对立，聚在一起的东西。

【千寻 · 推荐】
补标 高中看的"
1291543,功夫,2004,中国大陆 中国香港,"动作,喜剧,犯罪,奇幻",8.9,1337957,71,https://movie.douban.com/subject/1291543/,https://img1.doubanio.com/view/photo/s_ratio_poster/public/p2219011938.jpg,posters/1291543.jpg,周星驰,周星驰 / 元秋 / 元华 / 黄圣依 / 梁小龙 / 陈国坤 / 田启文 / 林子聪 / 林雪 / 冯克安,,95分钟(中国大陆),,https://movie.douban.com/top250,2026-05-06 14:00:05,"【珍珠奶茶走柠檬 · 力荐】
好看

【momo · 力荐】
搞笑又哲理

【炃走】
补标

【对酒当歌 · 力荐】
二十年前上映时看过，现在重温经典，发现了好多之前没有注意到的细节，整个画面音乐表演相得益彰，非常好"
1291544,哈利·波特与阿兹卡班的囚徒,2004,英国 美国,"奇幻,冒险",9.0,892369,72,https://movie.douban.com/subject/1291544/,https://img1.doubanio.com/view/photo/s_ratio_poster/public/p2913456870.jpg,posters/1291544.jpg,阿方索·卡隆,丹尼尔·雷德克里夫 / 艾玛·沃森 / 鲁伯特·格林特 / 加里·奥德曼 / 朱丽·沃特斯 / 邦妮·怀特 / 大卫·休里斯 / 迈克尔·刚本 / 艾伦·瑞克曼 / 玛吉·史密斯,,141分钟,,https://movie.douban.com/top250,2026-05-06 14:00:05,"【染一 · 推荐】
补记录

【苏打星冰乐 · 力荐】
要是小天狼星从此就这样自由了该多好.

【挽风 · 推荐】
事实上，镜头的跟进、位置、角度和细微运动都很严谨，与影片的现实感非常契合

【🍋 · 还行】
还行"
1652587,阿凡达,2009,美国,"动作,科幻,冒险",8.8,1587712,73,https://movie.douban.com/subject/1652587/,https://img1.doubanio.com/view/photo/s_ratio_poster/public/p2180085848.jpg,posters/1652587.jpg,詹姆斯·卡梅隆,萨姆·沃辛顿 / 佐伊·索尔达娜 / 西格妮·韦弗 / 史蒂芬·朗 / 米歇尔·罗德里格兹 / 吉奥瓦尼·瑞比西 / 乔·大卫·摩尔  / 希·庞德 / 韦斯·斯塔迪 / 拉兹·阿隆索,,162分钟,,https://movie.douban.com/top250,2026-05-06 14:00:05,"【请相信 · 推荐】
3.5

【多喝热水 · 力荐】
卡梅隆用3D画笔勾勒潘多拉星球的呼吸，纳威人辫梢连接万物生灵，当机甲碾碎荧光森林，杰克以阿凡达之躯举起反旗——科技与自然的对决里，人性才是终极武器。

【巴啦啦小魔仙‍♀ · 力荐】
潘多拉的雨林在瞳孔里活了过来，每片发光的叶子都在呼吸。当灵魂树的种子拂过指尖，忽然懂了何为“我看见你”。

【沐烨 · 推荐】
第一部是最好看的"
1292402,西西里的美丽传说,2000,意大利 美国,"剧情,战争,情色",8.9,1094467,74,https://movie.douban.com/subject/1292402/,https://img1.doubanio.com/view/photo/s_ratio_poster/public/p2441988159.jpg,posters/1292402.jpg,朱塞佩·托纳多雷,莫妮卡·贝鲁奇 / 朱塞佩·苏尔法罗 / Luciano Federico / 玛蒂尔德·皮亚纳 / Pietro Notarianni / Gaetano Aronica / Gilberto Idonea / Angelo Pellegrino / Gabriella Di Luzio / Pippo Provvidenti,,108分钟,,https://movie.douban.com/top250,2026-05-06 14:00:05,"【小白白白大人 · 力荐】
这部片看完真的挺幻灭的，人性刻画得太现实，心里堵得慌。不过Monica真的太美了，不愧是意大利女神！男主他爸也超级厉害，又逗又伟大。

【sorceress · 较差】
这啥。。。

【开包耳同学👾 · 力荐】
太美 太痛

【挽风 · 推荐】
反套路化。看过的最扎实的动作电影之一，几场主要的打戏都太棒了，几乎挑不出毛病的那种棒，值得逐帧拉片分析"
26580232,看不见的客人,2016,西班牙,"剧情,犯罪,悬疑,惊悚",8.8,1442701,75,https://movie.douban.com/subject/26580232/,https://img9.doubanio.com/view/photo/s_ratio_poster/public/p2498971355.jpg,posters/26580232.jpg,奥里奥尔·保罗,马里奥·卡萨斯 / 阿娜·瓦格纳 / 何塞·科罗纳多 / 巴巴拉·莱涅 / 弗兰塞斯克·奥雷利亚 / 帕科·图斯 / 大卫·塞尔瓦斯 / 伊尼戈·加斯特西 / 圣·耶拉莫斯 / 马内尔·杜维索,,106分钟,,https://movie.douban.com/top250,2026-05-06 14:00:05,"【环游废品站 · 力荐】
5.4晚看完，精彩的反转。

【momo · 力荐】
这种层层剥开层层反转的悬疑片好带感，结尾这个律师的真实身份属实没想到，虽然仔细想想还有一些bug但是看得很爽

【冬笋笋 · 力荐】
bravo

【Sasaki · 还行】
故事节奏不错，题材有些旧，拍摄相对简陋，角色比较单薄。"
1292849,拯救大兵瑞恩,1998,美国,"剧情,战争",9.1,725964,76,https://movie.douban.com/subject/1292849/,https://img9.doubanio.com/view/photo/s_ratio_poster/public/p1014542496.jpg,posters/1292849.jpg,史蒂文·斯皮尔伯格,汤姆·汉克斯 / 汤姆·塞兹摩尔 / 爱德华·伯恩斯 / 巴里·佩珀 / 亚当·戈德堡 / 范·迪塞尔 / 吉奥瓦尼·瑞比西 / 杰瑞米·戴维斯 / 马特·达蒙 / 特德·丹森,,169分钟,,https://movie.douban.com/top250,2026-05-06 14:00:05,"【鹿一六 · 力荐】
战争真残酷 就是死人开出来的突破线 太无助了

【Ann · 力荐】
中学时候看的第一遍，战争电影的启蒙

【我的无聊时光该 · 力荐】
从此爱上了看美国战争电影

【罗夏 · 力荐】
里程碑的电影，和兄弟连、太平洋战争一脉相承。战场上人命如蝼蚁，不论是工程师，是学者，是老师，是作家，一颗0.1美元的子弹可以在0.1秒内击碎他的脑干，再用一封电报就可以完成这位士兵的全部流程。"
1293544,沉默的羔羊,1991,美国,"剧情,犯罪,惊悚",8.9,1017674,77,https://movie.douban.com/subject/1293544/,https://img3.doubanio.com/view/photo/s_ratio_poster/public/p1593414327.jpg,posters/1293544.jpg,乔纳森·戴米,朱迪·福斯特 / 安东尼·霍普金斯 / 斯科特·格伦 / 安东尼·希尔德 / 布鲁克·史密斯 / 卡斯·莱蒙斯 / 弗兰基·费森 / 泰德·拉文 / 崔西·沃特 / 丹·巴特勒,,118分钟,,https://movie.douban.com/top250,2026-05-06 14:00:05,"【THreeApplelf · 推荐】
沉默的羔羊，你只是无法知道他们有多痛苦，我甚至觉得凶手也是痛苦的

朱迪福斯特是那种看起来就聪明伶俐的女性形象，这一点我好喜欢。以及主角们演技太厉害了，反而剧情发展到后面有点乏力

（我差点以为在看双峰，那年代悬疑片都喜欢这么拍吗

【燎原超声 · 力荐】
片名寓意，我们都是沉默的羔羊？我们在和平的环境中生活了几十年，可能大家都忘了很多恶劣的生存环境与案件。

【元亨利贞 · 推荐】
不可全盘接受

【化铝 · 力荐】
汉尼拔太有人格魅力"
1303021,小鞋子,1997,伊朗,"剧情,儿童,家庭",9.2,466890,78,https://movie.douban.com/subject/1303021/,https://img9.doubanio.com/view/photo/s_ratio_poster/public/p2165511465.jpg,posters/1303021.jpg,马基德·马基迪,默罕默德·阿米尔·纳吉 / 阿米尔·法拉赫·哈什米安 / 巴哈丽·西迪奇 / 纳菲丝·贾法-穆罕默迪 / 费雷什特·萨拉班迪 / Dariush Mokhtari / 克里斯托弗·马利基 / 少爷占,,89分钟,,https://movie.douban.com/top250,2026-05-06 14:00:05,"【念安 · 推荐】
真正的成长，是在看清生活的真相后，依然选择温柔而坚定地前行。

【蛋挞 · 推荐】
简单、纯粹、真诚

【summerlady_123 · 力荐】
哥哥哭的如此委屈，谁不想给他们买一双新鞋子呢！

【朵朵的朵 · 还行】
他们自己过得那么难，看到别人更苦，还愿意选择退让和体谅。"
11525673,布达佩斯大饭店,2014,美国 德国 英国,"剧情,喜剧,冒险",8.9,1087093,79,https://movie.douban.com/subject/11525673/,https://img3.doubanio.com/view/photo/s_ratio_poster/public/p2183539003.jpg,posters/11525673.jpg,韦斯·安德森,拉尔夫·费因斯 / 托尼·雷沃罗利 / 阿德里安·布罗迪 / 威廉·达福 / 裘德·洛 / 爱德华·诺顿 / 西尔莎·罗南 / 蒂尔达·斯文顿 / 比尔·默瑞 / 蕾雅·赛杜,,99分钟,,https://movie.douban.com/top250,2026-05-06 14:00:05,"【橙子 · 推荐】
优雅，喜欢出狱没香水生气然后道歉那一段，为了可有可无的争吵，也要为了念诗到听到警报。要坠亡了还在念诗，诗性是流淌在灵魂中的优雅。

【清和 · 还行】
sorry，我看的不是很沉浸
色调和布局很出色，大多画面都是对称的

【黑云母 · 力荐】
很喜欢电影里的镜头和音乐，更喜欢男主的人格魅力

【千里东风一梦遥 · 还行】
3.5"
1292343,蝴蝶效应,2004,美国 加拿大,"剧情,悬疑,科幻,惊悚",8.9,1069799,80,https://movie.douban.com/subject/1292343/,https://img1.doubanio.com/view/photo/s_ratio_poster/public/p2209066019.jpg,posters/1292343.jpg,埃里克·布雷斯 / J·麦基·格鲁伯,阿什顿·库彻 / 梅洛拉·沃尔特斯 / 艾米·斯马特 / 埃尔登·亨森 / 威廉姆·李·斯科特 / 约翰·帕特里克·阿梅多利 / 艾琳·戈洛瓦娅 / 凯文·G·施密特 / 杰西·詹姆斯 / 罗根·勒曼,,113分钟,,https://movie.douban.com/top250,2026-05-06 14:00:05,"【上官aoa · 还行】
男主能通过翻看旧日记，穿越回到过去改写人生。本以为改动一点小事，就能弥补遗憾、拯救身边人，结果每次微调都引发连锁灾难，越改越糟，生活陷入死循环。剧情节奏紧凑，全程无废话，反转一层接一层，越看越压抑。片子内核很现实，告诉我们人生没有完美重来，一点微小选择，就能彻底改变往后一生。

【何必 · 力荐】
有时候我也想死于出生前。

【missu · 推荐】
后面贪了 还是觉得女主一家都是神人

【无名氏 · 推荐】
改写命运皆有代价，剧情催泪又充满悬疑感。"
1292224,飞越疯人院,1975,美国,剧情,9.1,605097,81,https://movie.douban.com/subject/1292224/,https://img3.doubanio.com/view/photo/s_ratio_poster/public/p792238287.jpg,posters/1292224.jpg,米洛斯·福尔曼,杰克·尼科尔森 / 路易丝·弗莱彻 / 威廉·雷德菲尔德 / 克里斯托弗·洛伊德 / 威尔·萨姆森 / 特德·马克兰德 / 布拉德·道里夫 / 斯加特曼·克罗索斯 / 迈克尔·贝里曼 / 彼得·布罗科,,133分钟,,https://movie.douban.com/top250,2026-05-06 14:00:05,"【煜杉 · 还行】
经典 但是无法触动我的一部影片。或许我也是被关在笼子里太久了而不自知，需要一位领航员来助我清醒一下。
此外 我也不太能接受为了自由而过于放纵，在我看来这是蓄意捣乱的激进分子。

【J~enea · 推荐】
看完内心很震撼。墨菲失败了，但精神延续了下去，就是太惨烈了，一个人失去了自主思考的能力，如同精神死去。

【静脉切开 · 力荐】
演技爆棚，对自由的渴望。

【Hanamaki · 推荐】
如果 10 年前看，我大概也会歌颂自由。今天除了觉得护士长面目可憎以外，很难共鸣了。自由是需要代价的，就很现实的代价，不是你自己要付出什么，而是别人要为你的自由付出什么，对于一般人来说，我们履行社会责任就够了，但如果不是一般的人呢？你要看比赛，那就有人要加班看着，要出去，就得有人跟着。每一次松动，后面都跟着其他人更多的付出 。"
36445098,还有明天,2023,意大利,"剧情,喜剧,历史",9.3,373668,82,https://movie.douban.com/subject/36445098/,https://img9.doubanio.com/view/photo/s_ratio_poster/public/p2918279456.jpg,posters/36445098.jpg,宝拉·柯特莱西,宝拉·柯特莱西 / 瓦莱里奥·马斯坦德雷亚 / 罗马纳·马乔拉·韦尔加诺 / 埃马努艾拉·法内利 / 乔治·科兰杰利 / 维尼乔·马尔基奥尼 / 弗朗切斯科·琴托拉梅 / 雷法莱·维诺利 / 保拉·蒂齐亚娜·克鲁恰尼 / 尤夫·约瑟夫,,118分钟,,https://movie.douban.com/top250,2026-05-06 14:00:05,"【两袋 · 推荐】
留点时间，还有明天！

【豆拌虾 · 推荐】
妈妈找选票，女儿在背后递给她”这一幕我真的好喜欢，女性的权利何尝不是这样一代一代接力下来，争取下来
还好还有明天，越来越好！
1946年春天的意大利罗马。历史夹缝期：
1.二战刚刚结束：墨索里尼的法西斯政权已被推翻，但战争的创伤还在，城市破败，人们生活贫困。
2.女性还没有投票权：意大利的第一次女性普选，恰好发生在1946年6月2日（这也是电影结尾的高潮）。
3.家庭暴力不是罪：当时法律允许“惩戒式”家暴，妻子几乎是丈夫的附属品，被打了也很难离婚或求助。（1970意大利才能离婚）
4.美国文化开始涌入：爵士乐、尼龙丝袜、巧克力等美军带来的东西，与意大利本土的保守观念激烈碰撞。
·不能离婚（法律不允许）
·离婚也没用（教会和社会的压力，离
婚女性会被当成“罪人”）

【21 · 力荐】
选票 泪目

【今天真开心 · 力荐】
对结局感到失望和无奈，不是我期待已久的，害得我心脏一直砰砰跳。最感人的还是“有了这些钱，你就可以读书了—mamma”
回到那个80年前的欧洲，我为女性只能为生活作出的非常少的选择而喘不过气来，就算我不喜欢上学、读书，也永远无法否认如今这么多女孩能上学了是件多么好的事情，女儿很大可能还会找到另一个男人，但至少到时候她拥有的更多了"
2334904,禁闭岛,2010,美国,"剧情,悬疑,惊悚",8.9,1115615,83,https://movie.douban.com/subject/2334904/,https://img1.doubanio.com/view/photo/s_ratio_poster/public/p450262388.jpg,posters/2334904.jpg,马丁·斯科塞斯,莱昂纳多·迪卡普里奥 / 马克·鲁法洛 / 本·金斯利 / 马克斯·冯·叙多夫 / 米歇尔·威廉姆斯 / 艾米莉·莫迪默 / 派翠西娅·克拉克森 / 杰基·厄尔·哈利 / 泰德·拉文 / 约翰·卡洛·林奇,,138分钟,,https://movie.douban.com/top250,2026-05-06 14:00:05,"【余曼 · 力荐】
看完整个人晕晕的

【乐在么么茶 · 力荐】
经典之作，男主最后恢复了清醒，却无法面对真实的自己，像禽兽般混沌的活着或清醒的死去中，选择了后者

【棉大王 · 推荐】
不知所云

【十七度°C · 推荐】
瓢虫围观红蚂蚁大战黑蚂蚁，红黑蚂蚁大战那段太绝了，想象力爆棚"
1292656,心灵捕手,1997,美国,剧情,9.0,816546,84,https://movie.douban.com/subject/1292656/,https://img9.doubanio.com/view/photo/s_ratio_poster/public/p480965695.jpg,posters/1292656.jpg,格斯·范·桑特,马特·达蒙 / 罗宾·威廉姆斯 / 本·阿弗莱克 / 斯特兰·斯卡斯加德 / 明妮·德里弗 / 卡西·阿弗莱克 / 科尔·豪瑟 / 约翰·迈顿 / 丹·华盛顿 / 艾莉森·福兰德,,126分钟,,https://movie.douban.com/top250,2026-05-06 14:00:05,"【:) · 力荐】
""It's wonderful stuff, you know? Little things like that.Yeah, but those are the things I miss the most.""
""I love you.""
""You owe it to me.""
""It's not your fault.""

【zzZ · 推荐】
童话故事一样。

【枕山 · 推荐】
中间看得一度困过去…呆萌的脸支撑我看完…
Will真是幸运的人。一个天才 有深情的女友和肝胆相照的挚友 有教授赏识和心理医生拯救。如果十年前看会被感动激励地打五星吧……

【黑山 · 力荐】
看见并接纳完整的自己，去体验真实的生活吧。"
1780330,致命魔术,2006,英国 美国,"剧情,悬疑,惊悚",8.9,965706,85,https://movie.douban.com/subject/1780330/,https://img9.doubanio.com/view/photo/s_ratio_poster/public/p480383375.jpg,posters/1780330.jpg,克里斯托弗·诺兰,休·杰克曼 / 克里斯蒂安·贝尔 / 迈克尔·凯恩 / 丽贝卡·豪尔 / 斯嘉丽·约翰逊 / 大卫·鲍伊 / 安迪·瑟金斯 / 派珀·佩拉博 / 萨曼塔·马霍林 / 丹尼尔·戴维斯,,130分钟,,https://movie.douban.com/top250,2026-05-06 14:00:05,"【NGC_772 · 力荐】
每次诺兰的电影真的看的很累，看懂以后直接respect

【珠珠侠 · 推荐】
不知不觉偷换了男主

【vixerrrr · 推荐】
差评根本没有魔术。。。。。

【spark · 力荐】
目前为止看过的电影中最烧脑的，诺兰还是太强了"
1291832,低俗小说,1994,美国,"剧情,喜剧,犯罪",8.9,961367,86,https://movie.douban.com/subject/1291832/,https://img3.doubanio.com/view/photo/s_ratio_poster/public/p1910902213.jpg,posters/1291832.jpg,昆汀·塔伦蒂诺,约翰·特拉沃尔塔 / 乌玛·瑟曼 / 阿曼达·普拉莫 / 蒂姆·罗斯 / 塞缪尔·杰克逊 / 菲尔·拉马 / 布鲁斯·威利斯 / 弗兰克·威利 / 布尔·斯蒂尔斯 / 文·瑞姆斯,,154分钟,,https://movie.douban.com/top250,2026-05-06 14:00:05,"【招商引资 · 推荐】
8.0/10。     善有善报

【乐在么么茶 · 还行】
学习了预期违背与橡皮筋理论的反复融合，不过我暂时还by in不了这个类型的片子

【龙马四代 · 力荐】
非线性叙事，无比丝滑，荒诞又离谱，善有善报，每个人都有自己的命运，昆汀是真的牛逼。里面的好多台词也是超神级别。

【立入 · 推荐】
不说故事的讲法，单个故事拎出来都是一部好片，再加上如此的演技和调控力"
1296996,哈利·波特与密室,2002,英国 美国,"奇幻,冒险",8.9,918809,87,https://movie.douban.com/subject/1296996/,https://img2.doubanio.com/view/photo/s_ratio_poster/public/p2913781951.jpg,posters/1296996.jpg,克里斯·哥伦布,丹尼尔·雷德克里夫 / 艾玛·沃森 / 鲁伯特·格林特 / 汤姆·费尔顿 / 理查德·格雷弗斯 / 费奥纳·肖 / 托比·琼斯 / 朱丽·沃特斯 / 邦妮·怀特 / 詹森·艾萨克,,161分钟,,https://movie.douban.com/top250,2026-05-06 14:00:05,"【happy · 推荐】
惊心动魄，在电影院看着一惊一乍的，很好体现了原著的精髓，小演员们的演技也好。

【小狗情绪 · 推荐】
It is not our abilities that show what we truly are, it is our choices.

【豆友IOvHVAQS5I · 力荐】
好看好看

【Solo · 推荐】
带儿子继续畅游魔法世界🧙"
5322596,超脱,2011,美国,剧情,9.0,724869,88,https://movie.douban.com/subject/5322596/,https://img2.doubanio.com/view/photo/s_ratio_poster/public/p1305562621.jpg,posters/5322596.jpg,托尼·凯耶,阿德里安·布罗迪 / 马西娅·盖伊·哈登 / 詹姆斯·肯恩 / 克里斯蒂娜·亨德里克斯 / 刘玉玲 / 布莱思·丹纳 / 蒂姆·布雷克·尼尔森 / 威廉·彼德森 / 布莱恩·克兰斯顿 / 萨米·盖尔,,98分钟,,https://movie.douban.com/top250,2026-05-06 14:00:05,"【羊七 · 还行】
《超脱》 亨利的代课生涯是不断打开又关上的门，阿德里安·布洛迪的眼睛里住着整个废墟。学生在袋子里撕碎诗集，他在空教室独自吞咽。不是治愈，是承认——有些灵魂注定无法被拯救

【sosoyy · 力荐】
我们都被困在各自的牢笼里，想超脱，却连自救都做不到

【紀念不是記得 · 推荐】
每个人都有病，每个人都有解决不了的事，至少结局给了一点希望吧。荒废的教室，枯黄的纸张。没有人能做到Detachmen。

【豆友mZ_cBbrPhE · 推荐】
童年起源，奠定了一人长大之后的性格和内心世界。在童年时期，你遇到过的伤害或者是强烈的印象，都会体现在你今后人生中对物质和事情的看法。"
1292434,一一,2000,中国台湾 日本,"剧情,爱情,家庭",9.1,512280,89,https://movie.douban.com/subject/1292434/,https://img1.doubanio.com/view/photo/s_ratio_poster/public/p2924629258.jpg,posters/1292434.jpg,杨德昌,李凯莉 / 金燕玲 / 张洋洋 / 萧淑慎 / 尾形一成 / 陈希圣 / 林孟瑾 / 陈以文 / 柯宇纶 / 张育邦,,173分钟,,https://movie.douban.com/top250,2026-05-06 14:00:05,"【山壹 · 力荐】
故事很平淡，就像人的一生一样

【豆友LdTFJ7XlsY · 力荐】
看完后想说的有太多，但知道的多了说的反而变少了，最后只能说一句，我们终将老去，也许人生真的没必要再来一次

【Beautiful · 力荐】
生命就是循环啊，一天就是一生，一个人就是过去现在和未来。南俊和初恋的东京之旅让我好动容啊，这一段导演真的好会拍，自己儿女的现在就是他的过去，到头来再来一次个人的选择也不会有什么改变。本来这个电影我觉得很长甚至过于平淡了一些，看到两小时后倒觉得很有韵味。洋洋说人只能看见一半，那电影和书籍就是能让人尽可能看到更多的一半吧，这个电影就是其中的一半。

【卡鸡马 · 还行】
？"
1302425,喜剧之王,1999,中国香港,"喜剧,剧情,爱情",8.8,1097617,90,https://movie.douban.com/subject/1302425/,https://img9.doubanio.com/view/photo/s_ratio_poster/public/p2917778954.jpg,posters/1302425.jpg,周星驰 / 李力持,周星驰 / 张柏芝 / 莫文蔚 / 吴孟达 / 林子善 / 田启文 / 李兆基 / 成龙 / 李思捷 / 郑文辉,,89分钟,,https://movie.douban.com/top250,2026-05-06 14:00:05,"【嘉穗TAT · 力荐】
好像有很多想说的，但我现在还说不出口，还是以后再找机会说吧。后半段没什么好看的。

【八七零 · 推荐】
整个中国谁人不知“我养你啊～”放倒现在也还是神级台词

【FIFI · 推荐】
看完我只有一个感想 张柏芝美晕了

【豆留 · 推荐】
最多给我这个吧，剧情转折生硬，人物情感单一，形象很扁平，爱与不爱只是看一眼决定，很像表达真诚但显得不真诚"
1297192,致命ID,2003,美国,"剧情,悬疑,惊悚",8.9,951805,91,https://movie.douban.com/subject/1297192/,https://img9.doubanio.com/view/photo/s_ratio_poster/public/p2558364386.jpg,posters/1297192.jpg,詹姆斯·曼高德,约翰·库萨克 / 雷·利奥塔 / 阿曼达·皮特 / 约翰·浩克斯 / 阿尔弗雷德·莫里纳 / 克里·杜瓦尔 / 约翰·C·麦金雷 / 威廉姆·李·斯科特 / 杰克·布塞 / 普路特·泰勒·文斯,,90分钟,,https://movie.douban.com/top250,2026-05-06 14:00:05,"【kakakakaka · 力荐】
好牛啊

【盛开 · 推荐】
放到现在也依旧悬念迭起的片子…

【huozhong1989 · 力荐】
还不错，反转可以！只是我实在是太讨厌那个胖子，眼球转动证当演员太出戏！也是他毁了海上钢琴师，尽管我很喜欢1900，却不想再看第二遍

【missu · 推荐】
故事手法现在看也挺牛的，但是总要把个别人物描写的只有槽点不太理解"
1300299,杀人回忆,2003,韩国,"剧情,动作,犯罪,悬疑,惊悚",8.9,839361,92,https://movie.douban.com/subject/1300299/,https://img1.doubanio.com/view/photo/s_ratio_poster/public/p1633113220.jpg,posters/1300299.jpg,奉俊昊,宋康昊 / 金相庆 / 金雷夏 / 宋在浩 / 边希峰 / 高瑞熙 / 柳泰浩 / 朴努植 / 朴海日 / 全美善,,132分钟,,https://movie.douban.com/top250,2026-05-06 14:00:05,"【黑眼圈奶油哥 · 力荐】
确实是好片，最后的凶手是开放式的，引发思考。

【爱尘雨，爱电影 · 力荐】
韩国影史最高分不是白给的！

【苹果味豆浆 · 推荐】
结尾真是有股凉意…

【立入 · 推荐】
故事吸引人，有深刻的时代烙印，隐喻也很多。 气氛渲染的好，故事稳步推进，结构安排好。"
1294371,摩登时代,1936,美国,"剧情,喜剧,爱情",9.3,347870,93,https://movie.douban.com/subject/1294371/,https://img1.doubanio.com/view/photo/s_ratio_poster/public/p2263408369.jpg,posters/1294371.jpg,查理·卓别林,查理·卓别林 / 宝莲·高黛 / 亨利·伯格曼 / 蒂尼·桑福德 / 切斯特·康克林 / 汉克·曼 / 斯坦利·布莱斯通 / 阿尔·欧内斯特·加西亚 / 理查德·亚历山大 / 塞西尔·雷诺兹,,87分钟,,https://movie.douban.com/top250,2026-05-06 14:00:05,"【不读正经书的 · 力荐】
没想到是从社会学书上推荐看的……以前对卓别林的印象就是黑人牙膏，现在：respect

【憂鬱烏龜盪鞦韆 · 力荐】
omg
春晚小品有这一半好看就封神了
跳舞那段看了两遍哈哈哈哈
那时候底层人能想到最奢侈的生活
不过一屋两人自给自足
默剧的bgm真的是神来之笔
每一段都经典
为什么现在不管是话剧还是电影都很少拍默剧了呢

【睡懒觉的知更鸟 · 力荐】
向卓别林大师致敬，超越时代的经典

【古早萌感 · 还行】
《摩登时代》的伟大，在于它不仅定格了一个时代的困境，更预言了后世社会的诸多痛点。如今，我们身处科技飞速发展的现代社会，流水线被更智能的机器取代，快节奏的生活、无休止的内卷、被工作挤占的生活，依旧让无数人陷入“异化”的困境，在物质与效率的追逐中迷失自我。卓别林用一部默片，提醒着每一个人：无论时代如何发展，科技如何进步，永远不能丢失人性的温度，不能忽视人的价值与尊严。"
1292679,春光乍泄,1997,中国香港 日本 韩国,"剧情,爱情,同性",9.0,710831,94,https://movie.douban.com/subject/1292679/,https://img2.doubanio.com/view/photo/s_ratio_poster/public/p465939041.jpg,posters/1292679.jpg,王家卫,张国荣 / 梁朝伟 / 张震 / 格利高里·戴顿,,96分钟,,https://movie.douban.com/top250,2026-05-06 14:00:05,"【Unshaken · 还行】
王的技法比他前期作品强不少，一对恋人的相聚和相互折磨，配合暧昧的镜头语言和台词，让人看的不那么沉闷。

【风女纸 · 还行】
为什么评分这么高？感觉没有什么内容，为什么同性恋电影，老喜欢拍只穿一件内裤随便走的场景

【sansan】
因为回忆起多年前看过的一篇神一样的同人文，那篇有借鉴这部电影，因而突然找来看。我一直不喜欢王家卫，无法不承认他的电影的气质十分独特出众，但他的镜头和配乐在我看来好像只是在讲一种氛围中的爱情，除此之外我看不到别的什么，而最能让我感到间离的就是这种“爱？”。

【夏卷卷 · 力荐】
我们有时候内心像何宝荣一样，想任性；早上醒来还是要想黎耀辉一样，收拾各种好的烂的摊子，规规矩矩做人"
1298070,加勒比海盗,2003,美国,"动作,冒险,奇幻",8.8,970924,95,https://movie.douban.com/subject/1298070/,https://img9.doubanio.com/view/photo/s_ratio_poster/public/p1596085504.jpg,posters/1298070.jpg,戈尔·维宾斯基,约翰尼·德普 / 杰弗里·拉什 / 奥兰多·布鲁姆 / 凯拉·奈特莉 / 杰克·达文波特 / 乔纳森·普雷斯 / 贾尔斯·纽 / 陆建艺 / 大卫·拜利 / 王磊,,143 分钟,,https://movie.douban.com/top250,2026-05-06 14:00:05,"【小白白白大人 · 推荐】
我选择一个自然一点的：""跟个好评

【千寻 · 还行】
应该是小学看的

【我吃一口w · 力荐】
不看都对不起（补一下）都以前看的

【秋天 · 力荐】
杰克船长太帅了！！！"
3442220,海豚湾,2009,美国,纪录片,9.3,382900,96,https://movie.douban.com/subject/3442220/,https://img1.doubanio.com/view/photo/s_ratio_poster/public/p2559579779.jpg,posters/3442220.jpg,路易·西霍尤斯,路易·西霍尤斯 / 瑞克·欧贝瑞 / 哈迪·琼斯 / 保罗·沃森 / 森下丈二 / 罗杰·S·佩恩 / 迈克尔·伊利夫 / 伊恩·坎贝尔 / 道格·德马斯特 / 戴夫·拉斯托维奇,,92分钟,,https://movie.douban.com/top250,2026-05-06 14:00:05,"【椒盐卷饼 · 推荐】
《海豚湾》是一部直击人性、震撼心灵的环保纪实片，以隐秘镜头揭露日本太地町残忍的海豚捕杀真相。优美海湾背后藏着血腥屠杀，海豚的悲鸣与海水染红的画面极具冲击力。影片撕开商业利益、谎言与人性冷漠的遮羞布，既控诉对海洋生灵的无情屠戮，也唤醒大众对动物保护、生态伦理的反思，沉重又发人深省。

【奇奇bb打怪兽 · 推荐】
无法接受残忍捕杀对人类友好的高智商动物

【今天心情不错哦 · 推荐】
如果包括了对渔民们，观看海豚表演的人，买肉的人的采访就好了，会客观很多。不过哪里都不让拍照估计没法取材。

【菜菜 · 力荐】
为这些有伟大理想的人点赞"
1292262,美国往事,1984,美国 意大利,"犯罪,剧情",9.1,473027,97,https://movie.douban.com/subject/1292262/,https://img3.doubanio.com/view/photo/s_ratio_poster/public/p477229647.jpg,posters/1292262.jpg,赛尔乔·莱昂内,罗伯特·德尼罗 / 詹姆斯·伍兹 / 伊丽莎白·麦戈文 / 乔·佩西 / 伯特·杨 / 塔斯黛·韦尔德 / 特里特·威廉斯 / 丹尼·爱罗 / 理查德·布赖特 / 詹姆斯·海登,,229分钟(导演剪辑版),,https://movie.douban.com/top250,2026-05-06 14:00:05,"【Bacteria · 力荐】
本来很多东西，就是路过而已，不值得捆绑一生，也不值得困住自己。

【所愿皆所得 · 推荐】
詹妮弗康奈利真的美。

【小琳儿 · 还行】
可能是脸盲吧，好像看懂了，但这几个人有点对不上号了

【A Single Cat · 力荐】
需要二刷。"
1865703,红辣椒,2006,日本,"动画,悬疑,科幻,惊悚",9.0,572120,98,https://movie.douban.com/subject/1865703/,https://img1.doubanio.com/view/photo/s_ratio_poster/public/p2794776839.jpg,posters/1865703.jpg,今敏,林原惠美 / 江守彻 / 堀胜之祐 / 古谷彻 / 大塚明夫 / 山寺宏一 / 田中秀幸 / 兴梠里美 / 岩田光央 / 爱河里花子,,90 分钟,,https://movie.douban.com/top250,2026-05-06 14:00:05,"【楚咩咩 · 推荐】
有意思

【Here R · 力荐】
4.5

【tiadzc · 力荐】
《红辣椒》的伟大之处，在于用动画这一载体，实现了真人电影难以企及的想象力与思辨深度。它不仅仅是一部“电影”，更是一场对潜意识世界的狂野探险。
剪辑魔法：今敏标志性的“匹配剪辑”（如通过动作连贯性切换场景）让现实与梦境的转换毫无痕迹，营造出眩晕般的沉浸感。

【非狗也 · 推荐】
梦很抽象 醒来也很抽象"
1292223,七宗罪,1995,美国,"剧情,犯罪,悬疑,惊悚",8.8,1064622,99,https://movie.douban.com/subject/1292223/,https://img9.doubanio.com/view/photo/s_ratio_poster/public/p2219586434.jpg,posters/1292223.jpg,大卫·芬奇,摩根·弗里曼 / 布拉德·皮特 / 凯文·史派西 / 格温妮斯·帕特洛 / 安德鲁·凯文·沃克 / 约翰·卡西尼 / 雷格·E·凯蒂 / 李·厄米 / 理查德·希夫 / 约翰·C·麦金雷,,127分钟,,https://movie.douban.com/top250,2026-05-06 14:00:05,"【乐淇 · 力荐】
我好喜欢大卫芬奇的电影，独特、妙不可言。很喜欢他对人性和人生的思考，以及叫绝的讲述方式。

【尼可勒梅 · 力荐】
多少年没因为哪部电影做噩梦了..tracy是无罪的啊….（布拉德最嫩形象之一 完全一只狗

【晨霜攀黛瓦 · 推荐】
世界并不美好，我们人生的课题便是同自身本身的欲望和糟糕的世界相处

【苦涩雨 · 还行】
角色塑造形象贴切 特别不错 值得观看"
1306249,唐伯虎点秋香,1993,中国香港,"喜剧,爱情,古装",8.8,1227310,100,https://movie.douban.com/subject/1306249/,https://img9.doubanio.com/view/photo/s_ratio_poster/public/p2357915564.jpg,posters/1306249.jpg,李力持,周星驰 / 巩俐 / 陈百祥 / 郑佩佩 / 朱咪咪 / 梁家仁 / 苑琼丹 / 梁荣忠 / 黄一山 / 黄霑,,102 分钟,,https://movie.douban.com/top250,2026-05-06 14:00:05,"【速度の王 · 力荐】
以前电脑上只有这么一个电影，真的好喜欢看

【薛定谔的喵喵酱 · 推荐】
充满周星驰特色的无厘头搞笑，无意义无剧情，看完也不记得看了什么，只记得一种轻松搞笑的气氛。但是，全片还是充满了男性主义的意淫，仿佛离开对美女的性骚扰，就不会制造笑点了，一大败笔。

【忆往昔 · 推荐】
还不错😎

【代表安妮消灭你 · 力荐】
经典"
6985810,狩猎,2012,丹麦 瑞典,剧情,9.1,472261,101,https://movie.douban.com/subject/6985810/,https://img3.doubanio.com/view/photo/s_ratio_poster/public/p1546987967.jpg,posters/6985810.jpg,托马斯·温特伯格,麦斯·米科尔森 / 托玛斯·博·拉森 / 安妮卡·韦德科普 / 拉丝·弗格斯托姆 / 苏西·沃德 / 亚历山德拉·拉帕波特 / 布贾内·亨里克森 / 安妮·路易丝·哈辛 / 拉斯·兰特 / 塞巴斯蒂安·布尔,,115分钟,,https://movie.douban.com/top250,2026-05-06 14:00:05,"【FX · 力荐】
深刻剖析人性的好电影。

【momo麦 · 力荐】
看了一小半已经难受了。
被诬陷后的自证太难了。以及虽然这里是小孩的诬陷，但是真实世界又很难维护到小孩。

以及，麦叔好绝一张脸

【人间枝头 · 力荐】
人心无法直视。

【米格鲁猎兔犬 · 较差】
这部电影的出发点是究竟是何意味"
1297359,幽灵公主,1997,日本,"动画,奇幻,冒险",8.9,671615,102,https://movie.douban.com/subject/1297359/,https://img3.doubanio.com/view/photo/s_ratio_poster/public/p2920895053.jpg,posters/1297359.jpg,宫崎骏,松田洋治 / 石田百合子 / 田中裕子 / 小林薰 / 西村雅彦 / 上条恒彦 / 岛本须美 / 渡边哲 / 佐藤允 / 名古屋章,,134分钟,,https://movie.douban.com/top250,2026-05-06 14:00:05,"【tasen · 力荐】
很美

【溯回 · 力荐】
当掠夺无止尽扩张，失去敬畏之心，毁灭的只能是依存大自然生活的一切生灵。片中最后的归还与致歉让山林重获生机，而现实中也许需要付出无可回转的代价

【小熊陪你看月亮 · 还行】
很喜欢里面的女性角色，很有魅力，领导人黑帽很有魄力

【PANDA · 力荐】
宫崎骏是给成年人看的动漫，表面上讲保护大自然的环保故事，其人性的复杂和永恒的矛盾，以至于有1000个哈姆雷特，我看也能理解为一层一层的仇恨被善意化解。故事起源于一个仇恨种子，阿席达卡杀害了中弹的野猪邪神，他拿着铅弹向西行邂逅开了这一枪的黑帽大人，而她的仇恨来源于丈夫被野兽咬死，幽灵公主仇恨源于人类的贪婪，掠夺森林屠杀生灵，猩猩神也恨山犬引来人类造成悲剧……人类为了生活，砍伐山林。动物神们则为了保卫森林，攻击人类。罪恶种子一环扣一环，谁也找不到源头。

黑帽和幽灵公主相互残杀，拿刀刺向对方，哪怕杀了对方，报仇也无法终结罪恶。那如何是好，其实阿席达卡在悬崖上救下那两位村民就开始松动了，勇敢去阻挡一场又一场的战争，种下一个又一个善的种子，按因果法则去看，幽灵公主讲的是唯有种下善因，才能终结恶果"
1305164,甜蜜蜜,1996,中国香港,"剧情,爱情",8.9,675939,103,https://movie.douban.com/subject/1305164/,https://img9.doubanio.com/view/photo/s_ratio_poster/public/p2223011274.jpg,posters/1305164.jpg,陈可辛,黎明 / 张曼玉 / 杨恭如 / 曾志伟 / 杜可风 / 张同祖 / 诸慧荷 / 丁羽 / 米歇尔·加布里埃尔 / 关信辉,,118分钟(中国大陆),,https://movie.douban.com/top250,2026-05-06 14:00:05,"【Verge · 推荐】
梦里 梦里见过你

【曉知 · 力荐】
和丁老师一起终于把这部电影补完了，这部已经躺在我的想看里好久的电影，丁老师应该是看的第三遍

【程程野 · 力荐】
有缘相遇
有缘相识
有缘再见

【豆友DvT5d_YqS4 · 推荐】
1996年，陈可辛执导的《甜蜜蜜》横空出世，以邓丽君温婉缱绻的歌声为脉络，将一段横跨十年、辗转香港与纽约的爱情故事，揉进时代变迁的洪流里。它看似是包裹着“甜蜜蜜”糖衣的爱情童话，剥开后却是满含乡愁、挣扎、遗憾与宿命的现实史诗，成为华语影坛不可逾越的爱情经典，更成为一代人漂泊记忆的情感注脚。影片斩获香港金像奖九项大奖、金马奖最佳影片，位列《时代周刊》年度全球十大佳片，其魅力早已超越爱情本身，照见了大时代下每个普通人的命运浮沉与心灵归途。"
27010768,寄生虫,2019,韩国,剧情,8.8,1551865,104,https://movie.douban.com/subject/27010768/,https://img1.doubanio.com/view/photo/s_ratio_poster/public/p2561439800.jpg,posters/27010768.jpg,奉俊昊,宋康昊 / 李善均 / 赵汝贞 / 崔宇植 / 朴素丹 / 李姃垠 / 张慧珍 / 郑知晓 / 朴明勋 / 朴叙俊,,132分钟,,https://movie.douban.com/top250,2026-05-06 14:00:05,"【炸黄油面包块 · 推荐】
其实是恐怖片。喜欢女儿坐在马桶上抽烟的镜头，雨夜的镜头拍得好窒息好压抑，感觉雨水淹没了观众的情绪

【. · 力荐】
如今的社会上，富人是寄生虫还是穷人是寄生虫？我认为二者都是

【大佬和崽崽 · 力荐】
穷，是一种味道，所以当男主人下意识皱鼻子的时候，司机瞬间没了自尊。钱是熨斗，能熨平生活的褶皱。中间的音乐也很到位。在选择自己的女儿和别人的孩子之间，别人的孩子晕了还要开车。北京的地下室，阳光也是需要付费的。把阶级差异表现得太好了。

【Juana · 力荐】
在飞机上看的，观影环境不是很好，还有很多剪掉的部分，需要二刷。看完感受是：贫穷如此可怕。"
1428581,天书奇谭,,2021,中国大陆,9.2,336668,105,https://movie.douban.com/subject/1428581/,https://img9.doubanio.com/view/photo/s_ratio_poster/public/p2700138245.jpg,posters/1428581.jpg,王树忱 / 钱运达,丁建华 / 毕克 / 苏秀 / 程晓桦 / 施融 / 于鼎 / 杨成纯 / 孙渝烽 / 胡庆汉 / 尚华,,100分钟(中国大陆重映),,https://movie.douban.com/top250,2026-05-06 14:00:05,"【Mint · 力荐】
从玉帝到皇帝，都是王八蛋。我心中的中国动画片代表作。

【吉尾大人 · 力荐】
陈晓旭演狐狸精简直绝了

【杰哥 · 力荐】
童年的回忆，现在看还是很好看。

【南瓜浓汤 · 力荐】
这么可爱的滔滔大战狐狸精为民除害呀，这么可爱呀，小脸红扑扑扎个小揪揪吃个大饼就库库长个，萌宝宝
（小皇帝:我喜欢鸟！）"
3395373,蝙蝠侠：黑暗骑士崛起,2012,美国 英国,"剧情,动作,科幻,犯罪,惊悚",8.9,816339,106,https://movie.douban.com/subject/3395373/,https://img9.doubanio.com/view/photo/s_ratio_poster/public/p1706428744.jpg,posters/3395373.jpg,克里斯托弗·诺兰,克里斯蒂安·贝尔 / 汤姆·哈迪 / 安妮·海瑟薇 / 约瑟夫·高登-莱维特 / 玛丽昂·歌迪亚 / 加里·奥德曼 / 迈克尔·凯恩 / 摩根·弗里曼 / 朱诺·坦普尔 / 乔什·平茨,,165分钟,,https://movie.douban.com/top250,2026-05-06 14:00:05,"【可甜可咸小鱼干 · 推荐】
飞机，车，摩托都不错。市民在里面真是啥也没干呢，都靠bat man一个人呢。

【joker · 推荐】
你哭吧，专门拍出来给你哭的，刻意消沉8年。没有蝙蝠侠的哥谭也不赖，反而让人觉得哥谭很乱就靠小丑一个人了，小丑也帮哥谭解决了黑帮，完了又是影武者，第一部就说了摔倒就爬起来，第三部开头就一直没起来，也不知道为啥，拍影武者贝恩不如猫头鹰法庭
太惨了，但你去想一个老牌资本家破产会残到哪去呢，平民的自我感动

【spark · 力荐】
我相信蝙蝠侠没有死，因为我觉得他值得一个好的结局

【沐堍岩 · 推荐】
酷炫，正义，英雄"
11026735,超能陆战队,2014,美国,"喜剧,动作,科幻,动画,冒险",8.8,1148575,107,https://movie.douban.com/subject/11026735/,https://img1.doubanio.com/view/photo/s_ratio_poster/public/p2224568669.jpg,posters/11026735.jpg,唐·霍尔 / 克里斯·威廉姆斯,斯科特·安第斯 / 瑞恩·波特 / 丹尼尔·海尼 / T·J·米勒 / 郑智麟 / 小达蒙·韦恩斯 / 珍尼希斯·罗德里格兹 / 詹姆斯·克伦威尔 / 艾伦·图代克 / 玛娅·鲁道夫,,102分钟,,https://movie.douban.com/top250,2026-05-06 14:00:05,"【_utternonsense · 力荐】
还是高中看的～

【偶遇 · 力荐】
20221225

【momo · 还行】
大白太可爱了😍

【294 · 力荐】
大白！好喜欢"
10777687,7号房的礼物,2013,韩国,"剧情,喜剧,家庭",8.9,623672,108,https://movie.douban.com/subject/10777687/,https://img9.doubanio.com/view/photo/s_ratio_poster/public/p1816276065.jpg,posters/10777687.jpg,李焕京,柳承龙 / 朴信惠 / 郑镇荣 / 金正泰 / 吴达洙 / 朴元尚 / 郑满植 / 葛素媛 / 郑涵妃 / 赵在允,,127分钟,,https://movie.douban.com/top250,2026-05-06 14:00:05,"【只只 · 很差】
感觉很刻意 虚假 造作 没被感动到 不如山姆
演员演技一般 不如西恩潘

【汤鸡可得 · 推荐】
受众群体是义务教育阶段的孩子。逻辑合理却不真实。

【是阿盐呐 · 力荐】
笑中带泪，演员演技炸裂

【冲动常态化 · 还行】
补标"
1461403,茶馆,,中国大陆,"剧情,历史",9.5,210523,109,https://movie.douban.com/subject/1461403/,https://img9.doubanio.com/view/photo/s_ratio_poster/public/p2528965424.jpg,posters/1461403.jpg,谢添 / 焦菊隐 / 夏淳,于是之 / 郑榕 / 蓝天野 / 英若诚 / 黄宗洛 / 童超 / 金昭 / 林连昆 / 牛星丽 / 谭宗尧,,118分钟,,https://movie.douban.com/top250,2026-05-06 14:00:05,"【nervouss · 力荐】
亡，百姓苦。历史的沉痛落在普通人身上就是绝望的痛苦

【豆友hl8zv3ZuH0 · 力荐】
生活在那个年代的人们，真的会生出一种苍白的无力感

【庭兰 · 力荐】
这就是我们的国民，可有出路？

【冷酷是我的作风 · 推荐】
《茶馆》以裕泰茶馆为缩影，串联起清末、民国、抗战后三个时代的兴衰。三教九流往来其间，人情冷暖、世道荒诞尽收眼底。台词凝练辛辣，小人物在时代洪流中挣扎求生，满是无奈与悲凉。没有激烈冲突，却道尽旧中国的沧桑，堪称现实主义经典，越品越有力量。"
1297630,第六感,1999,美国,"剧情,悬疑,惊悚",8.9,640743,110,https://movie.douban.com/subject/1297630/,https://img9.doubanio.com/view/photo/s_ratio_poster/public/p2220184425.jpg,posters/1297630.jpg,M·奈特·沙马兰,布鲁斯·威利斯 / 海利·乔·奥斯蒙 / 托妮·科莱特 / 奥莉维亚·威廉姆斯 / 唐尼·沃尔伯格 / 特拉沃·摩根 / 彼得·安东尼·唐伯蒂斯 / 格伦·菲茨杰拉德 / 米莎·巴顿 / 法尔德斯·巴姆,,107分钟,,https://movie.douban.com/top250,2026-05-06 14:00:05,"【蒸汽蒸 · 力荐】
关掉弹幕 ：I can see dead people

【楠溪 · 力荐】
什么样的人才能想出这么令人震撼的剧本！

【spark · 推荐】
本以为是恐怖片，结果是温情片，结尾太感动了，逝去的家人其实仍然在我们身边看着我们生活

【Swan song · 力荐】
很经典的电影，好看不吓人"
1296339,爱在黎明破晓前,1995,美国 奥地利 瑞士,"剧情,爱情",8.8,804473,111,https://movie.douban.com/subject/1296339/,https://img9.doubanio.com/view/photo/s_ratio_poster/public/p2555762374.jpg,posters/1296339.jpg,理查德·林克莱特,伊桑·霍克 / 朱莉·德尔佩 / 安德莉亚·埃克特 / 汉诺·波西尔 / 卡尔·布拉克施魏格尔 / 特克斯·鲁比诺威茨 / 埃尔尼·曼戈尔德 / 多米尼克·卡斯特尔 / 海蒙·玛丽亚·巴汀格 / 哈拉尔德·魏格莱因,,101分钟,,https://movie.douban.com/top250,2026-05-06 14:00:05,"【嘻嘻哈哈 · 推荐】
别让时间欺骗了你，你不能战胜时间，在烦恼和担忧中，生命模糊的逝去，时间自会有它的喜好，明日或今朝。

【Ming · 推荐】
如果没有做爱就好了，果然界限还是被男人打破了

【中庭树 · 推荐】
灵魂碎片，多么浪漫的形容

【Chaniya Yang · 力荐】
理想爱情的形状大概就是这样吧。极致的浪漫，让人晕眩的一场梦。
在还没有智能手机的年代，我要用眼睛拍下你的照片，so that I won’t forget you, forget all of this。
I was gonna sleep with you after deciding to go off the train, but after talking with you for so much, I had a second thought.
还有餐厅给彼此好友假装打电话，来获取对方印象的那一段真的太charming了。"
1291990,爱在日落黄昏时,2004,美国 法国,"剧情,爱情",8.9,656666,112,https://movie.douban.com/subject/1291990/,https://img9.doubanio.com/view/photo/s_ratio_poster/public/p2191788134.jpg,posters/1291990.jpg,理查德·林克莱特,伊桑·霍克 / 朱莉·德尔佩 / 弗农·多布切夫 / 路易丝·勒莫瓦纳·托雷斯 / 罗多尔·保利 / 玛丽安·普莱施泰格 / 迪亚博洛 / 丹尼·弗拉 / 艾伯特·德尔佩 / 玛丽·佩里,,80 分钟,,https://movie.douban.com/top250,2026-05-06 14:00:05,"【小阳Soleil · 还行】
2026.5.5 一刷 一如既往的无聊，我太理性了。

【憂鬱烏龜盪鞦韆 · 力荐】
真挚的感情令我的泪水旋转
比起上一部更喜欢这部
温柔的滤镜大段的独白和递进的对话
“我只是一直假装不在意”
每个人都忸怩
故作轻松地用违心的话掩盖爱的痕迹
somehow穿紧身裤的男主好像精神小伙导致我一直担心他们上床

【心情好的小浣熊 · 力荐】
女主说的每一句话 每一个观点我都能理解… /当时坚持不交换联系方式也和我很像 宁可在想念中美化对方也不要因为距离看到爱慢慢淡掉的痕迹

【闪闪发光的神经Y · 还行】
依旧是两个话痨在聊天"
1787291,被嫌弃的松子的一生,2006,日本,"剧情,歌舞",8.8,776924,113,https://movie.douban.com/subject/1787291/,https://img9.doubanio.com/view/photo/s_ratio_poster/public/p884763596.jpg,posters/1787291.jpg,中岛哲也,中谷美纪 / 永山瑛太 / 香川照之 / 市川实日子 / 伊势谷友介 / 柄本明 / 黑泽明日香 / 荒川良良 / 柴崎幸 / 土屋安娜,,130 分钟,,https://movie.douban.com/top250,2026-05-06 14:00:05,"【渔民钓鱼 · 还行】
整个电影都给我一种失真感，很梦幻。加入歌舞之后松子的不幸很快就被轻飘飘地带过了，并不沉重。不要渴望爱了，独自一人也能过得很好，不要往深渊里坠落。

【Nellie🐈 · 力荐】
影片的两个小时是我哭过最久的四个小时

【北川郢 · 力荐】
片名应叫“松子的一生”，加什么前缀都不合适，至少呗嫌弃的肯定不恰当。

【豆友zkxj5s6s9E · 力荐】
挚爱"
10533913,头脑特工队,2015,美国,"喜剧,动画,冒险",8.8,809923,114,https://movie.douban.com/subject/10533913/,https://img1.doubanio.com/view/photo/s_ratio_poster/public/p2874927470.jpg,posters/10533913.jpg,彼特·道格特 / 罗纳尔多·德尔·卡门,艾米·波勒 / 菲利丝·史密斯 / 理查德·坎德 / 比尔·哈德尔 / 刘易斯·布莱克 / 敏迪·卡灵 / 凯特林·迪亚斯 / 戴安·琳恩 / 凯尔·麦克拉克伦 / 波拉·庞德斯通,,95分钟,,https://movie.douban.com/top250,2026-05-06 14:00:05,"【Eleven. · 推荐】
快乐不是人生唯一的意义。No need to be nicer all the time.

【无名布衣 · 推荐】
接纳自己的情绪，去笑去哭去感受，一切没有想象的那么糟，你的身体很爱你！！！

【Backlight · 力荐】
好看

【snxksk · 力荐】
乐乐是人最深层次的对人生的乐观主义，不轻言放弃，自强不息"
1309055,哈利·波特与火焰杯,2005,英国 美国,"悬疑,奇幻,冒险",8.8,804924,115,https://movie.douban.com/subject/1309055/,https://img9.doubanio.com/view/photo/s_ratio_poster/public/p2913456904.jpg,posters/1309055.jpg,迈克·内威尔,丹尼尔·雷德克里夫 / 艾玛·沃森 / 鲁伯特·格林特 / 迈克尔·刚本 / 玛吉·史密斯 / 汤姆·费尔顿 / 蒂莫西·斯波 / 罗伯特·帕丁森 / 梁佩诗 / 大卫·田纳特,,157分钟,,https://movie.douban.com/top250,2026-05-06 14:00:05,"【美的让人焦虑 · 推荐】
马尔福含量太少

【nnonno · 推荐】
8.4分，服务于全系列的部分有损服务于本电影的部分的体验，但仍旧为影片的投资与完成度所折服，制片人立大功。

【十半人圭 · 推荐】
吸血鬼王子死了，好可惜

【醒乐莓 · 力荐】
最爱火焰杯"
1395091,未麻的部屋,1997,日本,"剧情,犯罪,动画,悬疑,惊悚",9.1,427450,116,https://movie.douban.com/subject/1395091/,https://img3.doubanio.com/view/photo/s_ratio_poster/public/p1351050722.jpg,posters/1395091.jpg,今敏,岩男润子 / 松本梨香 / 辻亲八 / 大仓正章 / 秋元羊介 / 盐屋翼 / 堀秀行 / 筱原惠美 / 江原正士 / 梁田清之,,81分钟,,https://movie.douban.com/top250,2026-05-06 14:00:05,"【真 · 力荐】
幻想与现实这块还得是今敏大师，现实主人公是心理医生那段的阳子，幻想的便是阳子为了逃避被qb所幻想出来的世界以及多个人格，留美也是一个人格，不然会和猥琐男符号冲突，结尾便是演员人格在多重人格斗争中取胜，也对应了现实视角下阳子的处境。

【玻璃坠落线 · 推荐】
摇曳的心，梦中的梦。非常厉害的作画和分镜，意象对应的各种连接镜头也完全能够传递整个片子的精神世界。一直到演员的梦中梦都很惊艳，结局我反而没有很喜欢，但转念一想，万一结局其实也是梦呢？

【Aviva · 力荐】
我去反转暗示，好神的转场

【循烛曳 · 力荐】
神作"
1291999,重庆森林,1994,中国香港,"剧情,爱情",8.8,925680,117,https://movie.douban.com/subject/1291999/,https://img2.doubanio.com/view/photo/s_ratio_poster/public/p792381411.jpg,posters/1291999.jpg,王家卫,林青霞 / 金城武 / 梁朝伟 / 王菲 / 周嘉玲 / 黄志明 / 左颂升 / 关莉娜,,102分钟,,https://movie.douban.com/top250,2026-05-06 14:00:05,"【清 · 力荐】
王菲太灵了，她摇摆身体的时候，像没有什么能束缚住她。想去加州就去了，想进他的房间坐坐，就拿着钥匙开门进去了——随心所欲漫不经心。失序的摇晃，高饱和度的画面，营造出孤独梦幻的感觉。在人潮拥挤的城市里孤独是常态，爱情才是偶然中的一场梦。但就算是有保质期的罐头，在它过期前我也想好好享用。

【symbiotic · 还行】
其实感觉王菲没演技  
太文艺了呀！文艺的形式片！

【百搭土豆饼 · 推荐】
理解不了女主是跟踪狂＋闯私宅这点，放现实生活中真的会有正常人爱上吗？金城武大狗狗很帅但是戏份好少

【11层 · 还行】
画面很美，主演是又帅又美，年轻真好，没了…
岁数大了，有人这样偷偷来我家，我一定报警🙃"
4202302,借东西的小人阿莉埃蒂,2010,日本,"动画,奇幻,冒险",8.9,629885,118,https://movie.douban.com/subject/4202302/,https://img9.doubanio.com/view/photo/s_ratio_poster/public/p617533616.jpg,posters/4202302.jpg,米林宏昌,志田未来 / 神木隆之介 / 树木希林 / 三浦友和 / 大竹忍 / 竹下景子 / 藤原龙也 / 威尔·阿奈特 / 菲丽达·劳 / 杰拉尔丁·麦克伊万,,94分钟,,https://movie.douban.com/top250,2026-05-06 14:00:05,
1293359,菊次郎的夏天,1999,日本,"剧情,喜剧",8.9,675597,119,https://movie.douban.com/subject/1293359/,https://img9.doubanio.com/view/photo/s_ratio_poster/public/p2620392435.jpg,posters/1293359.jpg,北野武,北野武 / 关口雄介 / 岸本加世子 / 吉行和子 / 细川典江 / 大家由祐子 / 磨赤儿 / 铃木忠幸 / 井手博士 / 今村鼠,,121分钟,,https://movie.douban.com/top250,2026-05-06 14:00:05,"【博情寡毅爱美合 · 推荐】
北野武的温柔童话，公路旅程藏着童年救赎，久石让配乐一响，满是夏日治愈与温柔

【小孙爱看电影 · 推荐】
清新治愈的电影🎞️

【是阿盐呐 · 还行】
有些地方确实可爱，但太多情节太狗血太假了，一个坏大叔带孩子总觉得会带歪，而且小胖子根本不需要什么演技。

【尤里_ · 力荐】
很治愈的一部公路片！电影主线故事是生性放荡不羁的菊次郎待着天真小男孩正男找妈妈的故事。他们在找正男妈妈的旅途中经历了许多有趣的故事，一起赌赛车、一起为了截住路上经过的车想尽各种损招、一起参加祭典玩游戏。另外，在旅途中也遇到了很多热爱生活、充满个性的人们，喜欢跳街舞、玩杂技的年轻夫妇、梦想着当小说家的全国旅行家、有趣的机车二人组。电影中北野武演的菊次郎是个很有个性的角色，他可以说是一个偷盗、打架坏事做尽的混蛋，却有着一个温柔的灵魂，不管是对待正男的所作所为，尽力去让正男这个忧郁小男孩去快乐，还是看望抛弃自己的母亲，都能看出他是一个有着良心的小混混。这部电影让我看到了一个温柔的北野武，但北野武是以拍黑帮片而成名的，意想不到！"
2149806,入殓师,2008,日本,剧情,8.9,744701,120,https://movie.douban.com/subject/2149806/,https://img9.doubanio.com/view/photo/s_ratio_poster/public/p2707581855.jpg,posters/2149806.jpg,泷田洋二郎,本木雅弘 / 广末凉子 / 山崎努 / 吉行和子 / 笹野高史 / 余贵美子 / 杉本哲太 / 小越勇辉 / 橘由加莉 / 峰岸彻,,130分钟,,https://movie.douban.com/top250,2026-05-06 14:00:05,"【kapibala · 推荐】
《入殓师》

—鲑鱼游的这么辛苦 就是为了去死？还死的这么辛苦？ 
— 他们是想回到出生地

死亡就是一扇门，它并不意味着一个生命的结束，而是穿过它，进入另一阶段的一扇门

【乔 · 推荐】
剧情推进节奏挺快的，也引发了一些思考，但是总感觉男女主对于这份工作从抗拒到接受的心理过程刻画的有些粗糙，不够饱满

【Grean · 推荐】
和他人和解，和自己和解

【豆友sbzvEvvU4Q · 力荐】
死可能是一道门，逝去并不是终结，而是超越，走向下一程。"
1418834,断背山,2005,美国 加拿大,"剧情,爱情,同性,家庭",8.8,785174,121,https://movie.douban.com/subject/1418834/,https://img3.doubanio.com/view/photo/s_ratio_poster/public/p2169104127.jpg,posters/1418834.jpg,,,,,,https://movie.douban.com/top250,2026-05-06 14:00:05,"【咖喱豆 · 推荐】
爱是当你不在断背山时，你思念那里的日日夜夜；当你回到断背山，你抱怨只有断背山。

【是阿盐呐 · 还行】
怎么着都行，但自由不能越过责任这道线。

【豆友jx1vRBPFvU · 力荐】
永远的断背山

【无限近似透明 · 还行】
补标"
1292370,剪刀手爱德华,1990,美国,"剧情,爱情,奇幻",8.7,1123235,122,https://movie.douban.com/subject/1292370/,https://img3.doubanio.com/view/photo/s_ratio_poster/public/p480956937.jpg,posters/1292370.jpg,蒂姆·波顿,约翰尼·德普 / 薇诺娜·瑞德 / 黛安·韦斯特 / 安东尼·迈克尔·豪尔 / 凯西·贝克 / 罗伯特·奥利维里 / 康查塔·费雷尔 / 卡罗琳·阿隆 / 迪克·安东尼·威廉姆斯 / 澳澜·琼斯,,105分钟,,https://movie.douban.com/top250,2026-05-06 14:00:05,"【LayxX】
还是有点害怕这个造型的（泪

【懒人一个 · 力荐】
什么最难忘，那就是童话故事到最后不是幸福美满而是悲哀的结局

【黄晚桯 · 较差】
新学一词，chic-flick

【星星 · 力荐】
Edward用自己的剪刀手剪碎身上的衣服，扔掉所有的光环和伤害，剪掉这个世界强加给你的与自己格格不入的一切外壳，然后逃走。"
1294639,勇敢的心,1995,美国,"动作,传记,剧情,历史,战争",8.9,607037,123,https://movie.douban.com/subject/1294639/,https://img1.doubanio.com/view/photo/s_ratio_poster/public/p2004174709.jpg,posters/1294639.jpg,梅尔·吉布森,梅尔·吉布森 / 苏菲·玛索 / 布莱恩·考克斯 / 詹姆斯·科兹莫 / 辛·劳洛 / 凯瑟琳·麦克马克 / 安古斯·麦克菲登 / 布莱丹·格里森 / 詹姆斯·霍纳 / 彼得·穆兰,,178分钟,,https://movie.douban.com/top250,2026-05-06 14:00:05,"【风止屿 · 推荐】
英雄风骨淋漓尽致，家国情怀热血悲壮，王者格局拉满

【Daniel Caesar · 较差】
最讨厌中世纪题材，中世纪背景的电影总是让我感到无聊。这主角还有点苏格兰战狼的感觉。

【来点耀菊酱 · 还行】
不畏强权为自由而战的精神固然崇高 苏格兰独立的进程也充满艰难险阻 但作为历史片可以说与史实查重率为0啊，，，本质上还是美式大片的叙事 混杂个人英雄主义、自由的口号以及莫名其妙的爱情……
不过苏格兰配乐和结尾的空镜很美

【hotdog · 力荐】
当华莱士在刑场上嘶吼出“Freedom”时，我彻底破防了。这不仅是为自由而战，更是为尊严而活。苏菲·玛索的美与战争的残酷交织，看得人热血沸腾又泪流满面。"
10577869,时空恋旅人,2013,英国 美国,"喜剧,爱情,奇幻",8.8,796739,124,https://movie.douban.com/subject/10577869/,https://img9.doubanio.com/view/photo/s_ratio_poster/public/p2070153774.jpg,posters/10577869.jpg,理查德·柯蒂斯,多姆纳尔·格里森 / 瑞秋·麦克亚当斯 / 比尔·奈伊 / 莉迪亚·威尔逊 / 琳赛·邓肯 / 理查德·科德里 / 约书亚·麦圭尔 / 汤姆·霍兰德尔 / 玛格特·罗比 / 威尔·梅瑞克,,123分钟,,https://movie.douban.com/top250,2026-05-06 14:00:05,"【fifi · 力荐】
看得泪流满面

【竹马 · 推荐】
简单温情的小故事，主题是让我们留心感受每一天的美好，活在当下

【我什么也不知道 · 推荐】
时空穿越的温柔童话，在平凡日常里藏着爱与时间的真谛，用细腻的温情治愈所有遗憾。

【Lambo · 推荐】
时空旅行的设定有点不严谨，以及演到最后主题还是太陈词滥调了。但是至少主角都不坏，看完her看这个感觉十分舒适。另外吐槽一下中文标题翻译的什么鬼，以为是爱情电影其实后半段女主就负责生三胎了……"
2353023,驯龙高手,2010,美国,"动画,奇幻,冒险",8.8,868967,125,https://movie.douban.com/subject/2353023/,https://img9.doubanio.com/view/photo/s_ratio_poster/public/p2210954024.jpg,posters/2353023.jpg,迪恩·戴布洛伊 / 克里斯·桑德斯,杰伊·巴鲁切尔 / 杰拉德·巴特勒 / 克雷格·费格森 / 亚美莉卡·费雷拉 / 乔纳·希尔 / 克里斯托夫·梅兹-普莱瑟 / T·J·米勒 / 克里斯汀·韦格 / 罗宾·阿特金·唐斯 / 菲利普·麦格雷德,,98分钟,,https://movie.douban.com/top250,2026-05-06 14:00:05,"【🍃 · 推荐】
全世界都在催你长大，只有没牙仔还等着你的摸头杀，跨越物种的信任，教会我们“爱是接纳差异，而非消除差异”。

【冬肆玖初妍_my · 推荐】
维京人打破了世俗的眼光和龙生活在一起  到后来还意识到了龙本该自己适合的地方

【三角测距】
依旧猫科动物

【早起大王 · 还行】
与龙的友谊打破千年偏见，在翱翔中完成双向救赎，诠释了理解与共生的力量。"
21318488,消失的爱人,2014,美国,"剧情,犯罪,悬疑,惊悚",8.7,1077078,126,https://movie.douban.com/subject/21318488/,https://img9.doubanio.com/view/photo/s_ratio_poster/public/p2221768894.jpg,posters/21318488.jpg,大卫·芬奇,本·阿弗莱克 / 裴淳华 / 尼尔·帕特里克·哈里斯 / 凯莉·库恩 / 泰勒·派瑞 / 金·迪肯斯 / 米西·派勒 / 波伊德·霍布鲁克 / 艾米丽·拉塔科斯基 / 雪拉·渥德,,149分钟,,https://movie.douban.com/top250,2026-05-06 14:00:05,"【Kelvin、London · 推荐】
又是一部叙事吊诡的悬疑片。两个人互相折磨叫婚姻，妈呀笑死我了。为什么要回到那个蠢笨的丈夫身边？因为这是她的调教成果啊！！！再重新调教一个多麻烦（不是）

【诶 · 还行】
it’s dark it’s fucked up it’s marriage
疯疯的很阴湿

【张凌赫妹妹 · 推荐】
婚姻假面终撕碎，爱意沦作权力博弈，人心叵测细思极恐。

【辛怀远 · 力荐】
太颠了"
1292337,无人知晓,2004,日本,剧情,9.1,374128,127,https://movie.douban.com/subject/1292337/,https://img3.doubanio.com/view/photo/s_ratio_poster/public/p661160053.jpg,posters/1292337.jpg,是枝裕和,柳乐优弥 / 北浦爱 / 木村飞影 / 清水萌萌子 / 韩英惠 / 江原由希子 / 串田和美 / 冈元夕纪子 / 楯隆子 / 加濑亮,,141分钟,,https://movie.douban.com/top250,2026-05-06 14:00:05,
1418200,傲慢与偏见,2005,法国 英国 美国,"剧情,爱情",8.7,941695,128,https://movie.douban.com/subject/1418200/,https://img1.doubanio.com/view/photo/s_ratio_poster/public/p2016401659.jpg,posters/1418200.jpg,乔·赖特,凯拉·奈特莉 / 马修·麦克费登 / 唐纳德·萨瑟兰 / 布兰达·布莱斯 / 凯瑞·穆里根 / 裴淳华 / 吉娜·马隆 / 妲露拉·莱莉 / 朱迪·丹奇 / 西蒙·伍兹,,129 分钟,,https://movie.douban.com/top250,2026-05-06 14:00:05,"【x. · 还行】
画面挺美的

【because · 力荐】
很好看，看完睡个好觉

【Hedy · 推荐】
傲慢是男主，偏见是女主

【OH! · 力荐】
很喜欢，感觉伊丽莎白身上有我自己的影子。"
1297447,倩女幽魂,1987,中国香港,"爱情,奇幻,武侠,古装",8.8,838176,129,https://movie.douban.com/subject/1297447/,https://img9.doubanio.com/view/photo/s_ratio_poster/public/p2918554634.jpg,posters/1297447.jpg,程小东,张国荣 / 王祖贤 / 午马 / 刘兆铭 / 林威 / 薛芷伦 / 王晶 / 胡大为 / 黄虾 / 史美仪,,96分钟,,https://movie.douban.com/top250,2026-05-06 14:00:05,
10437779,新世界,2013,韩国,"剧情,犯罪",8.9,530508,130,https://movie.douban.com/subject/10437779/,https://img1.doubanio.com/view/photo/s_ratio_poster/public/p1903379979.jpg,posters/10437779.jpg,朴勋政,李政宰 / 崔岷植 / 黄政民 / 宋智孝 / 朴成雄 / 金秉玉 / 金胤成 / 崔禹亨 / 李熙硕 / 咸真圣,,135分钟,,https://movie.douban.com/top250,2026-05-06 14:00:05,"【DjangoBody · 力荐】
这种黑道胜的剧情在中国是过不了审的，说是韩国版无间道但剧情是地地道道的韩国黑帮片，李政宰真好命啊，演技生涯一部接一部的养老片

【懒子汉 · 力荐】
太牛逼了原来电影结局还能这么拍？？？

【达兰西冷蓝色 · 推荐】
李政宰咋这么帅咋这么帅咋这么帅啊其实我觉得比无间道好看，配乐很顶级。

【花生了什么树 · 力荐】
太牛了！延边f4 杀手中的蜜雪冰城！"
1291557,花样年华,2000,中国香港,"剧情,爱情",8.8,809064,131,https://movie.douban.com/subject/1291557/,https://img3.doubanio.com/view/photo/s_ratio_poster/public/p2918312477.jpg,posters/1291557.jpg,王家卫,张曼玉 / 梁朝伟 / 潘迪华 / 雷震 / 萧炳林 / 陈万雷 / 张同祖 / 钱似莺 / 顾锦华 / 张耀扬,,103分钟(导演剪辑版),,https://movie.douban.com/top250,2026-05-06 14:00:05,"【多萝西地瓜 · 推荐】
印象最深的台词是：她每天穿成那样去买面啊

最能展现压抑的就是每天不重样的艳丽的花花旗袍

那么紧那么贴身的衣服天天穿，“那种话我说不出口”，“我们不会像他们那样”，最深的秘密只能说给吴哥窟

拍得确实很好，但我一想到王家卫最开始想拍的是男主欺骗女主来报复王先生的雄竞叙事就有点下头，对墨镜王还是有点喜欢不起来

【明人不放暗屁】
之前看的

【都伴用户 · 还行】
墨香味道的2046号房间。
我很想听听那位大醉侠的故事。

【奶猪包 · 推荐】
审美积累"
1858711,玩具总动员3,2010,美国,"喜剧,动画,奇幻,冒险",8.9,595214,132,https://movie.douban.com/subject/1858711/,https://img1.doubanio.com/view/photo/s_ratio_poster/public/p1283675359.jpg,posters/1858711.jpg,,,,,,https://movie.douban.com/top250,2026-05-06 14:00:05,"【线条小猫 · 力荐】
邪恶草莓熊……看了电影之后无法直视所有草莓熊了……
故事很有趣，玩具间也有“阶级压迫”，但有压迫就会有反抗，芭比会是阳光幼儿园很好的新领导者。
但我讨厌这个结局，因为4中邦妮并没有善待胡迪，他就像我们的朋友，谁会愿意看到朋友被冷落呢？
安迪，我还能看到你和胡迪相逢的那一天吗……

【反反阳光 · 推荐】
逃离了幼儿园和垃圾场 遇到了新主人 的可爱小故事
""so long, partner.""

【Badboy · 力荐】
哭成泪人，十五年时间的积累与铺垫

【ther · 力荐】
草莓熊很经典"
26628357,一个叫欧维的男人决定去死,2015,瑞典,剧情,8.9,572010,133,https://movie.douban.com/subject/26628357/,https://img3.doubanio.com/view/photo/s_ratio_poster/public/p2406624993.jpg,posters/26628357.jpg,汉内斯·赫尔姆,罗夫·拉斯加德 / 巴哈·帕斯 / 托比亚斯·阿姆博瑞 / 菲利普·伯格 / 安娜-莱娜·布伦丁 / 博瑞·伦贝里 / 埃达·英格薇 / 弗雷德里克·埃弗斯 / 玛德琳·雅各布松 / 查特里娜·拉松,,116分钟,,https://movie.douban.com/top250,2026-05-06 14:00:05,"【momo · 力荐】
一辈子经历了这么多倒霉事也只是变得嘴硬心软那真的很善良了

【生缺一林夕王其 · 力荐】
珍惜当下

【阳和启蜇 · 力荐】
非常温情

【EDEN · 力荐】
越多白痴的声音议论她，我对她仅存的回忆就越少。
我们应该选择去死还是努力的活着。
别把该死的救护车开进社区。
让我看到了Koko的影子"
1828115,色，戒,2007,中国台湾 中国大陆 美国 中国香港,"剧情,爱情,情色",8.7,965651,134,https://movie.douban.com/subject/1828115/,https://img9.doubanio.com/view/photo/s_ratio_poster/public/p453716305.jpg,posters/1828115.jpg,李安,梁朝伟 / 汤唯 / 陈冲 / 王力宏 / 庹宗华 / 朱芷莹 / 高英轩 / 柯宇纶 / 阮德锵 / 钱嘉乐,,145分钟(中国大陆),,https://movie.douban.com/top250,2026-05-06 14:00:05,
1300992,完美的世界,1993,美国,"剧情,犯罪",9.1,361485,135,https://movie.douban.com/subject/1300992/,https://img1.doubanio.com/view/photo/s_ratio_poster/public/p2190556408.jpg,posters/1300992.jpg,克林特·伊斯特伍德,凯文·科斯特纳 / 劳拉·邓恩 / 克林特·伊斯特伍德 / T·J·劳瑟 / 基斯·斯扎拉巴基克 / 布莱德利·惠特福德 / 雷·迈克金农 / 布鲁斯·麦克吉尔 / 马可·佩雷拉 / 玛丽·爱丽丝,,138分钟,,https://movie.douban.com/top250,2026-05-06 14:00:05,"【– · 推荐】
他出现在另一个孩子的童年给自己当了一回父亲

【小肥鹅🍓 · 力荐】
8.7。1990-2010的东木作为导演简直强得可怕。东木不愧是西部片演员出身，他的电影里有一种浓浓的宿命感和义薄云天。

Burch无疑是个坏人，也是个没长大的小孩，因为他将自己过去受到的伤害和因此而来的愤怒恐惧不加节制地投射在他遇到的每个人身上。但这可能也是东木的电影牛逼的地方——天使和恶魔是存在相互理解的可能性，这份理解又来得很自然。

【Humble · 推荐】
感人类 家教电影

【染染 · 力荐】
除了结局简直完美"
1291579,怪兽电力公司,2001,美国,"儿童,喜剧,动画,奇幻,冒险",8.8,773351,136,https://movie.douban.com/subject/1291579/,https://img1.doubanio.com/view/photo/s_ratio_poster/public/p2513247938.jpg,posters/1291579.jpg,彼特·道格特 / 大卫·西尔弗曼 / 李·昂克里奇,约翰·古德曼 / 比利·克里斯托 / 玛丽·吉布斯 / 史蒂夫·布西密 / 詹姆斯·柯本 / 詹妮弗·提莉 / 鲍勃·彼德森 / 约翰·拉森贝格 / 弗兰克·奥兹 / 丹尼尔·吉尔森,,92分钟,,https://movie.douban.com/top250,2026-05-06 14:00:05,"【豆友293572989 · 力荐】
这个真的好看，看了好几遍了，是我喜欢的国外电影。

【冷月葬花魂 · 力荐】
皮克斯创意巅峰期代表作，将温柔藏在荒诞设定，将儿童恐惧工业化处理的天才编剧，将成千上万扇门中无尽穿梭如过山车般刺激想象力堪称一绝，同样面对孩子，你可以榨取恐惧，也可以创造快乐，内卷的蓝道，黑心的资本家，成年人困扰的麦克，最会制造恐惧的员工却最能制造温馨的萨利，角色性格设计看似简单工整却无比用心，连世界观里各个体型不同的怪物会驾驶何种车辆和工位环境都进行合理美术刻画可谓相当用心，所有人都会怀念那时的皮克斯。

【谟涅摩叙涅 · 推荐】
迪士尼是怎么做到任何东西都能拍出花儿来的

【核桃包 · 推荐】
温暖治愈又充满童趣，怪兽外表凶狠内心善良，用笑声替代恐惧，童真与温情交织，是百看不厌的经典动画佳作。"
1291875,阳光灿烂的日子,1994,中国大陆 中国香港,"剧情,爱情",8.8,698057,137,https://movie.douban.com/subject/1291875/,https://img3.doubanio.com/view/photo/s_ratio_poster/public/p2582946597.jpg,posters/1291875.jpg,姜文,夏雨 / 宁静 / 陶虹 / 耿乐 / 斯琴高娃 / 冯小刚 / 刘小宁 / 姜文 / 王学圻 / 王朔,,134分钟(中国大陆),,https://movie.douban.com/top250,2026-05-06 14:00:05,"【$eegem · 还行】
看完动物凶猛来的，搬砖拍，甩棍抽的镜头太真实了，这个一直到两千年以后，我的学生时代还有余毒未清，学生们还是动不动的聚众闹事。米兰（宁静老师）身材不错，也真敢露，我也敢看。😂

【序雨 · 推荐】
“我的故事总是发生在夏天。炎热的气候使人们裸露得更多，也更能掩饰心中的欲望。那时侯，好像永远是夏天，太阳总是有空出来伴随着我，阳光充足，太亮，使得眼前一阵阵发黑”——电影《阳光灿烂的日子》开场对白

【NearFuture-】
北京往事，米兰刚出场的一幕太有感觉了

【之一 · 还行】
大院男孩的青春期，充满了野蛮生长的味道，有兄弟、有荷尔蒙、有暴力、有灿烂得令人睁不开眼的阳光，很自由。女性角色更像是青春期不可绕开的欲望，观感不是很舒服。但很感慨那个年代健康的审美，不是非白幼瘦不可。"
1294240,教父3,1990,美国,"剧情,犯罪",9.0,434473,138,https://movie.douban.com/subject/1294240/,https://img2.doubanio.com/view/photo/s_ratio_poster/public/p2169664351.jpg,posters/1294240.jpg,,,,,,https://movie.douban.com/top250,2026-05-06 14:00:05,"【某天 · 力荐】
最后的孤独展现得淋漓尽致。
悲情结局
迈克.柯里昂

【朱思伊 · 力荐】
风格和一、二部不太一样

【好朋友洋芋耙 · 推荐】
不知道如果是薇诺娜来演的话该有多完美

【序雨 · 推荐】
维多·柯里昂死于极乐，旁边是一个机灵的毛孩；麦克·柯里昂死于极悲，旁边是一只棕色的小狗。"
25814705,小森林 夏秋篇,2014,日本,剧情,9.0,475255,139,https://movie.douban.com/subject/25814705/,https://img1.doubanio.com/view/photo/s_ratio_poster/public/p2232317770.jpg,posters/25814705.jpg,森淳一,桥本爱 / 三浦贵大 / 松冈茉优 / 温水洋一 / 桐岛加恋 / 筱川桃音,,111分钟,,https://movie.douban.com/top250,2026-05-06 14:00:05,"【w达不留 · 力荐】
确实拍的很好，也很美，虽然吃的还是一言难尽，但表现出来很有魅力，所有感情线都很克制，非常日本

【大柴胡 · 力荐】
热爱生活belike;用留白处理感情，恰到好处的感觉

【明明 · 力荐】
远离尘嚣的农田生活，太治愈了❤️

【中羽 · 力荐】
我超爱这部。之前在大城市上班，每天匆匆忙忙，没有归属感，看着这部电影，跑回家乡，现在轻松自由😄"
1292215,天使爱美丽,2001,法国 德国,"剧情,喜剧,爱情",8.7,1023237,140,https://movie.douban.com/subject/1292215/,https://img3.doubanio.com/view/photo/s_ratio_poster/public/p2447590313.jpg,posters/1292215.jpg,让-皮埃尔·热内,奥黛丽·塔图 / 马修·卡索维茨 / 吕菲斯 / 洛莱拉·克拉沃塔 / 塞尔·梅林 / 贾梅尔·杜布兹 / 克洛蒂尔德·莫莱特 / 克莱尔·莫里耶 / 伊莎贝尔·南蒂 / 多米尼克·皮侬,,122分钟,,https://movie.douban.com/top250,2026-05-06 14:00:05,"【– · 推荐】
#infp行为指南
#两个怪咖的爱情故事
#小时候看过电影没看懂系列只记得手插进米缸同款

【一. · 推荐】
《天使爱美丽》不仅是一部爱情喜剧，更是一部关于孤独、善意和勇气的治愈故事

【糖醋魔鬼 · 推荐】
有点抽象了

【棪杣 · 力荐】
很浪漫的一部电影，想看这部电影的想法还是源于在书店看到的文创产品，和你一起上映的“人生”。艾米莉令人啼笑皆非的童年经历却改变不了她的乐观豁达，最后还因帮助他人收获了自己的爱情。最让我印象深刻就三个点：偏向于感性的拍摄手法，有点文艺片的错觉，却很符合敏感小孩对于人生的体验；老父亲在小矮人的“帮助”下走出家门去旅行，我们这的中国式父母又什么时候能放下无尽的牺牲情节大大方方的去享受自己的人生；艾米莉偷配钥匙去水果店老板家里搞破坏真的不犯法吗？"
1297052,侧耳倾听,1995,日本,"剧情,爱情,动画",8.9,522474,141,https://movie.douban.com/subject/1297052/,https://img3.doubanio.com/view/photo/s_ratio_poster/public/p456692072.jpg,posters/1297052.jpg,,,,,,https://movie.douban.com/top250,2026-05-06 14:00:05,"【momo · 力荐】
补

【白菜菜菜 · 还行】
这部影片满是温柔又青涩的少年情愫，平凡的日常里藏着最纯粹的喜欢。男女主彼此鼓励，为了对方努力变好，追逐各自的梦想。简单平淡却格外治愈，爱意从不是牵绊，而是互相奔赴，成为更优秀的人，平淡岁月里的真心最动人。

【夏柒 · 力荐】
很美 很温暖 很细腻的故事 其实想减半颗星给结局但是考虑是1995的电影 可以理解

【gohan · 推荐】
不知为什么，每次看吉卜力早期的电影都会被打动，也许是因为那稚嫩的情感以及笨拙的相处，就像片中那块原石，它漂亮的有限，但是原始的纯粹"
1307315,哪吒闹海,1979,中国大陆,"冒险,动画,奇幻",9.2,309728,142,https://movie.douban.com/subject/1307315/,https://img9.doubanio.com/view/photo/s_ratio_poster/public/p2532803206.jpg,posters/1307315.jpg,王树忱 / 严定宪 / 徐景达,梁正晖 / 邱岳峰 / 毕克 / 富润生 / 尚华 / 于鼎 / 若本规夫 / 野泽雅子 / 永井一郎 / 银河万丈,,62分钟,,https://movie.douban.com/top250,2026-05-06 14:00:05,"【浩浩 · 推荐】
短小精悍，60分钟的片子起承转合很清晰民族特色鲜明，精准还原经典的神话故事，同时还有隐喻。
8.5/10

【Learned ignoram · 推荐】
看到了正宗版本，看的时候一直在想哪吒到底做得对不对，后来看了诸多点评之后才发现自己的思想的狭隘，他是反抗不公第一人，而我日益成长，可能早已被世俗偏见束缚了。

【jack5678 · 力荐】
陪女儿看的。。。2026-05-04 00:51:45

【今天的风是甜的 · 还行】
动画片很好看 很天真有趣 也很有看点 人物也鲜明"
1297518,九品芝麻官,1994,中国香港,"剧情,喜剧,古装",8.8,797766,143,https://movie.douban.com/subject/1297518/,https://img1.doubanio.com/view/photo/s_ratio_poster/public/p648370300.jpg,posters/1297518.jpg,王晶,周星驰 / 吴孟达 / 张敏 / 徐锦江 / 钟丽缇 / 蔡少芬 / 吴启华 / 邹兆龙 / 梁荣忠 / 黄一飞,,108分钟,,https://movie.douban.com/top250,2026-05-06 14:00:05,"【豆友UsiiPHYb5I · 推荐】
014805

【信之🍀 · 力荐】
星爷非常讽刺的作品 邪恶战胜了邪恶 想来真是😄

【我的香香袜子呢 · 推荐】
审死官plus版！
吵架王石榴姐真不考虑卖课吗🧘‍♀️

【多喝水多学习 · 力荐】
太好笑了，好久没看过这么高质量的电影了，想出这种剧情的人简直就是个天才"
6307447,被解救的姜戈,2012,美国,"剧情,动作,西部,冒险",8.8,695621,144,https://movie.douban.com/subject/6307447/,https://img3.doubanio.com/view/photo/s_ratio_poster/public/p1800813767.jpg,posters/6307447.jpg,,,,,,https://movie.douban.com/top250,2026-05-06 14:00:05,
26799731,请以你的名字呼唤我,2017,意大利 法国 巴西 美国,"剧情,爱情,同性",8.8,828083,145,https://movie.douban.com/subject/26799731/,https://img1.doubanio.com/view/photo/s_ratio_poster/public/p2505525050.jpg,posters/26799731.jpg,卢卡·瓜达尼诺,艾米·汉莫 / 提莫西·查拉梅 / 迈克尔·斯图巴 / 阿蜜拉·卡萨 / 艾斯特·加瑞尔 / 维克图瓦尔·杜布瓦 / 旺妲·卡布里奥罗 / 安东尼奥·里莫尔迪 / 埃琳娜·布奇 / 马可·斯格罗索,,132分钟,,https://movie.douban.com/top250,2026-05-06 14:00:05,"【好想长肌肉 · 推荐】
我愿意越过我的道德和良心给骗婚gay电影打四星，好美的夏天

【NOT SORRY · 较差】
画面和音乐加分了否则就是一星，再怎么包装也是高浓度骗婚，说超越了友情和爱情的人脑子坏了？别什么都友情都超越。。神经！不就是性和荷尔蒙吗，没看出这两个人感情有任何深度

【ㅤ · 还行】
等夏天结束和它的来到

【Max · 力荐】
不要忘记那些瞬间"
1292274,幸福终点站,2004,美国,"喜剧,剧情,爱情",8.8,644869,146,https://movie.douban.com/subject/1292274/,https://img3.doubanio.com/view/photo/s_ratio_poster/public/p2181698213.jpg,posters/1292274.jpg,,,,,,https://movie.douban.com/top250,2026-05-06 14:00:05,"【听雲 · 力荐】
无形撩妹，最为致命

【玻樱 · 推荐】
航站楼是监狱也是城堡，他用过期签证守住了所有承诺。

【泡芙猫猫 · 力荐】
在困境中坚守乐观

【Breakfast · 推荐】
除了女主的三观有点令人不适外，整体看了很开心，很喜欢这种小人物互帮互助的故事，卡魔拉美炸了！"
25986180,釜山行,2016,韩国,"动作,惊悚,灾难",8.6,1355091,147,https://movie.douban.com/subject/25986180/,https://img1.doubanio.com/view/photo/s_ratio_poster/public/p2360940399.jpg,posters/25986180.jpg,延尚昊,孔刘 / 郑裕美 / 马东锡 / 金秀安 / 金义城 / 崔宇植 / 安昭熙 / 崔奎华 / 郑锡勇 / 芮秀贞,,118分钟,,https://movie.douban.com/top250,2026-05-06 14:00:05,
3287562,神偷奶爸,2010,美国 法国,"喜剧,动画,冒险",8.7,1050375,148,https://movie.douban.com/subject/3287562/,https://img1.doubanio.com/view/photo/s_ratio_poster/public/p792776858.jpg,posters/3287562.jpg,皮埃尔·柯芬 / 克里斯·雷纳德,史蒂夫·卡瑞尔 / 杰森·席格尔 / 拉塞尔·布兰德 / 朱莉·安德鲁斯 / 威尔·阿奈特 / 克里斯汀·韦格 / 米兰达·卡斯格拉夫 / 达纳·盖尔 / 艾尔西·费舍尔 / 皮埃尔·柯芬,,95分钟,,https://movie.douban.com/top250,2026-05-06 14:00:05,
25814707,小森林 冬春篇,2015,日本,剧情,9.0,422257,149,https://movie.douban.com/subject/25814707/,https://img1.doubanio.com/view/photo/s_ratio_poster/public/p2258078370.jpg,posters/25814707.jpg,,,,,,https://movie.douban.com/top250,2026-05-06 14:00:05,
1303037,喜宴,1993,中国台湾 美国,"剧情,喜剧,爱情,同性,家庭",9.0,434154,150,https://movie.douban.com/subject/1303037/,https://img3.doubanio.com/view/photo/s_ratio_poster/public/p2249048907.jpg,posters/1303037.jpg,李安,赵文瑄 / 归亚蕾 / 郎雄 / 金素梅 / 米切尔·利希藤斯坦 / 迈克尔·加斯顿 / 许永德 / 尼尔·赫夫 / 李淳 / 汉娜·沙利文,,108分钟,,https://movie.douban.com/top250,2026-05-06 14:00:05,
5989818,萤火之森,2011,日本,"剧情,爱情,动画,奇幻",8.8,613908,151,https://movie.douban.com/subject/5989818/,https://img3.doubanio.com/view/photo/s_ratio_poster/public/p1675053073.jpg,posters/5989818.jpg,,,,,,https://movie.douban.com/top250,2026-05-06 14:00:05,
4268598,告白,2010,日本,"剧情,悬疑",8.8,746511,152,https://movie.douban.com/subject/4268598/,https://img9.doubanio.com/view/photo/s_ratio_poster/public/p689520756.jpg,posters/4268598.jpg,,,,,,https://movie.douban.com/top250,2026-05-06 14:00:05,"【溜达维希 · 力荐】
看到小女孩出现就发现我看过这部小说，还是惊艳的，最喜欢爆炸回溯那段，质感拍的太绝了

【冥冥夜鸣 · 力荐】
我从未想过，这种大段大段自述的电影，我会一点不快进的把他看完。
    恰到好处的背景音乐配合着剧中角色的自述，即使在一开始就给出了作案方式、凶手，但依然会想看下去。每个局中人的心理、想法被娓娓道来，偏阴暗的色调。
    原来我一直期待着老师的复仇，我期待复仇来的更猛烈些。只是美呆选择和渡边在一起有点没能理解，是暗指两人是同类吗？
   我听见重要的东西消失的声音，不是啪嚓，是咚锵！
   以直报怨，以德报德。以德报怨，何以报德？

【L. · 推荐】
充满黑色压抑的气氛，好看

【魔法小芒果干 · 力荐】
整个电影有正常人吗😅 不要靠近变态啊啊 快速远离就对了！"
3072124,玛丽和麦克斯,2009,澳大利亚 美国,"剧情,喜剧,动画",9.0,472587,153,https://movie.douban.com/subject/3072124/,https://img9.doubanio.com/view/photo/s_ratio_poster/public/p2923412445.jpg,posters/3072124.jpg,,,,,,https://movie.douban.com/top250,2026-05-06 14:00:05,"【豆友kPR2s1ZnZ4 · 力荐】
爱人先爱己

【屿风 · 力荐】
女性asd看完很有共鸣

【桂林老聋瞎】
有时候，陌生人倒容易成为最好的朋友

我原谅你，因为人不是十全十美的，我也是

【～ · 力荐】
两个孤独的灵魂通过书信跨越年龄与隔阂，在并不完美的世界里，找到了最完美的黏土定格友谊：你是我最好的朋友，也是唯一的好朋友。"
1295399,七武士,1954,日本,"动作,冒险,剧情",9.3,237079,154,https://movie.douban.com/subject/1295399/,https://img9.doubanio.com/view/photo/s_ratio_poster/public/p2215886505.jpg,posters/1295399.jpg,,,,,,https://movie.douban.com/top250,2026-05-06 14:00:05,
4920389,头号玩家,2018,美国,"动作,科幻,冒险",8.6,1522250,155,https://movie.douban.com/subject/4920389/,https://img3.doubanio.com/view/photo/s_ratio_poster/public/p2516578307.jpg,posters/4920389.jpg,,,,,,https://movie.douban.com/top250,2026-05-06 14:00:05,"【Llzr · 推荐】
特效牛逼

【多读书的茶 · 力荐】
超棒

【忽而初夏 · 推荐】
一部比较爽的爆米花电影 电影院看应该不错
三星半吧

【冰茶 · 力荐】
超级喜欢的一部电影，已经三刷了。无比庆幸当年去电影院看了这部。三次都是在很特别的地方看的。"
10463953,模仿游戏,2014,英国 美国,"剧情,传记,战争,同性",8.8,722661,156,https://movie.douban.com/subject/10463953/,https://img1.doubanio.com/view/photo/s_ratio_poster/public/p2922986728.jpg,posters/10463953.jpg,,,,,,https://movie.douban.com/top250,2026-05-06 14:00:05,
1293181,惊魂记,1960,美国,"悬疑,惊悚,恐怖",9.0,358543,157,https://movie.douban.com/subject/1293181/,https://img9.doubanio.com/view/photo/s_ratio_poster/public/p1021883305.jpg,posters/1293181.jpg,阿尔弗雷德·希区柯克,安东尼·博金斯 / 维拉·迈尔斯 / 约翰·加文 / 珍妮特·利 / 马丁·鲍尔萨姆 / 约翰·麦克因泰 / 西蒙·奥克兰 / 弗兰克·艾伯森 / 帕特里夏·希区柯克 / 沃恩·泰勒,,109分钟,,https://movie.douban.com/top250,2026-05-06 14:00:05,"【一 · 推荐】
9️⃣第一次看希区柯克 这氛围营造真厉害 很喜欢配乐 让人紧张又期待 情节悬念的安排也非常引人入胜 同时让我在当下有着疑问 但看到后头就自然解开/让我比较新奇的是主角女人在影片一半不到就死亡杀青了 到落幕都不再有镜头 同时视角悄然切换到真正的主角 这样的叙事诡计是我几乎没见过的 好像在当时也是个革命性的/也是终于见识到了两个经典镜头 浴室谋杀戏中 碎镜头的快速蒙太奇 惊魂时刻的刻画 最后血水流进浴缸地漏转场至死亡凝视 但我的解读是水流冲走了人心中的秘密 就像前文女人把计算金额的纸冲进马桶中 第二个就是男主的邪恶笑容 没想到还叠加了一层母亲标本的牙齿 挺妙的 另外侦探被刺摔下楼梯那个镜头的变焦太惊艳 忍不住回退再看一遍（也早早听闻导演喜欢出镜 在全片第三个场景 门外的侧脸路人 哈哈很可爱很有趣

【白岛人 · 推荐】
除了那个音效和人物死时夸张的动作，整个电影很经典，精神分裂的鼻祖了吧

【痛覺殘留 · 力荐】
刚打开就发现前几年看过，非常经典

【虾片杀手 · 力荐】
既是笼中的金丝雀又是笼外的掠食者，Marion和Norman的mirror image很好看"
1291545,大鱼,2003,美国,"剧情,爱情,奇幻,冒险",8.8,629160,158,https://movie.douban.com/subject/1291545/,https://img9.doubanio.com/view/photo/s_ratio_poster/public/p692813374.jpg,posters/1291545.jpg,蒂姆·波顿,伊万·麦克格雷格 / 阿尔伯特·芬尼 / 比利·克鲁德普 / 杰西卡·兰格 / 海伦娜·伯翰·卡特 / 艾莉森·洛曼 / 罗伯特·吉尔劳姆 / 玛丽昂·歌迪亚 / 马修·麦克格罗里 / 大卫·丹曼,,125分钟,,https://movie.douban.com/top250,2026-05-06 14:00:05,"【序雨 · 推荐】
哥特和亲情的融合..每个人心中都有一条大鱼，抱着梦想而活是最幸福的，怀抱梦想而死去的人是不朽的。
到了最后，真相已不重要，眼泪也淌下来了...其实他们都是真的，故事的虚化以外，所有的人们都是真实的.

【头发怎么总炸毛 · 推荐】
奇幻温柔叙事，亲情浪漫治愈，想象力满满很动容。

【爱尘雨，爱电影 · 推荐】
经典？为什么，因为大家都说他经典！哈啊哈！

【refrain_dh · 力荐】
开始没感觉，但后续慢慢就感觉很有意思，一个一个小剧情，到最后了，有种说不上来的一种感觉，就是觉得很有意思。如果硬要说的话，可能是在平凡的生活之上，保持一定的想象力，积极的看待枯燥甚至乏味的生活。"
35426925,机器人之梦,2023,西班牙 法国,"剧情,动画,音乐",9.1,444035,159,https://movie.douban.com/subject/35426925/,https://img1.doubanio.com/view/photo/s_ratio_poster/public/p2928203369.jpg,posters/35426925.jpg,巴勃罗·贝格尔,伊万·拉班达 / 阿尔伯特·特里佛·塞加拉 / 拉法·卡尔沃 / 何塞·加西亚·托斯 / 何塞·路易斯·梅地亚维拉 / 加西埃拉·莫利娜 / 埃斯特·索兰斯,,102分钟,,https://movie.douban.com/top250,2026-05-06 14:00:05,
24733428,心灵奇旅,2020,美国,"动画,奇幻,音乐",8.7,1148447,160,https://movie.douban.com/subject/24733428/,https://img1.doubanio.com/view/photo/s_ratio_poster/public/p2595591069.jpg,posters/24733428.jpg,,,,,,https://movie.douban.com/top250,2026-05-06 14:00:05,
1307856,背靠背，脸对脸,1994,中国大陆 中国香港,剧情,9.5,181441,161,https://movie.douban.com/subject/1307856/,https://img3.doubanio.com/view/photo/s_ratio_poster/public/p2505048077.jpg,posters/1307856.jpg,,,,,,https://movie.douban.com/top250,2026-05-06 14:00:05,"【warr_c · 力荐】
古代的建筑，现代的官场，好像从没变过

【西兰花 · 力荐】
幽默讽刺又耐人寻味的现实主义片子！！

【书生 · 力荐】
像刘震云《一地鸡毛》

【嘿瞧 · 推荐】
职场百态。"
26325320,血战钢锯岭,2016,澳大利亚 美国,"剧情,传记,历史,战争",8.7,862544,162,https://movie.douban.com/subject/26325320/,https://img1.doubanio.com/view/photo/s_ratio_poster/public/p2398141939.jpg,posters/26325320.jpg,,,,,,https://movie.douban.com/top250,2026-05-06 14:00:05,
1316510,射雕英雄传之东成西就,1993,中国香港,"喜剧,奇幻,武侠,古装",8.7,720392,163,https://movie.douban.com/subject/1316510/,https://img3.doubanio.com/view/photo/s_ratio_poster/public/p2609063922.jpg,posters/1316510.jpg,,,,,,https://movie.douban.com/top250,2026-05-06 14:00:05,
26683290,你的名字。,2016,日本,"剧情,爱情,动画",8.5,1599283,164,https://movie.douban.com/subject/26683290/,https://img2.doubanio.com/view/photo/s_ratio_poster/public/p2910701461.jpg,posters/26683290.jpg,新海诚,神木隆之介 / 上白石萌音 / 长泽雅美 / 市原悦子 / 成田凌 / 悠木碧 / 岛崎信长 / 石川界人 / 谷花音 / 寺杣昌纪,,106分钟,,https://movie.douban.com/top250,2026-05-06 14:00:05,"【风染 · 推荐】
青春是一场永不停歇的追逐

【月落】
记忆里我对这个有点害怕…

【豆友292685074 · 还行】
脑洞太大，情节在时间轴上反复跳跃，不懂背后的逻辑是什么。带“名字”的电影到现在已经是第三部了，这可能是最天真的一部

【速度の王 · 力荐】
时不时就看一遍"
1306861,我是山姆,2001,美国,"剧情,家庭",9.0,378309,165,https://movie.douban.com/subject/1306861/,https://img9.doubanio.com/view/photo/s_ratio_poster/public/p652417775.jpg,posters/1306861.jpg,杰茜·尼尔森,西恩·潘 / 达科塔·范宁 / 米歇尔·菲佛 / 黛安·韦斯特 / 洛雷塔·迪瓦恩 / 理查德·希夫 / 劳拉·邓恩 / 艾丽·范宁 / 玛丽·斯汀伯根 / 朱莉·克莱尔,,132 分钟,,https://movie.douban.com/top250,2026-05-06 14:00:05,
4917726,阳光姐妹淘,2011,韩国,"剧情,喜剧",8.8,640724,166,https://movie.douban.com/subject/4917726/,https://img3.doubanio.com/view/photo/s_ratio_poster/public/p1374786017.jpg,posters/4917726.jpg,姜炯哲,沈恩敬 / 闵孝琳 / 姜素拉 / 南宝拉 / 陈熙琼 / 金时厚 / 柳好贞 / 朴真珠 / 李妍京 / 金甫美,,124分钟,,https://movie.douban.com/top250,2026-05-06 14:00:05,
21360417,恐怖直播,2013,韩国,"剧情,犯罪,悬疑",8.7,731146,167,https://movie.douban.com/subject/21360417/,https://img9.doubanio.com/view/photo/s_ratio_poster/public/p2016930906.jpg,posters/21360417.jpg,,,,,,https://movie.douban.com/top250,2026-05-06 14:00:05,
1302467,黑客帝国3：矩阵革命,2003,美国,"动作,科幻",8.8,499392,168,https://movie.douban.com/subject/1302467/,https://img1.doubanio.com/view/photo/s_ratio_poster/public/p443461818.jpg,posters/1302467.jpg,,,,,,https://movie.douban.com/top250,2026-05-06 14:00:05,
1291992,末路狂花,1991,美国 英国 法国,"犯罪,剧情,惊悚",9.0,352325,169,https://movie.douban.com/subject/1291992/,https://img9.doubanio.com/view/photo/s_ratio_poster/public/p1910924635.jpg,posters/1291992.jpg,,,,,,https://movie.douban.com/top250,2026-05-06 14:00:05,
1422283,高山下的花环,,1985,中国大陆,9.5,161164,170,https://movie.douban.com/subject/1422283/,https://img1.doubanio.com/view/photo/s_ratio_poster/public/p2319879389.jpg,posters/1422283.jpg,,,,,,https://movie.douban.com/top250,2026-05-06 14:00:05,
27119724,小丑,2019,美国 加拿大,"剧情,犯罪,惊悚",8.7,1128894,171,https://movie.douban.com/subject/27119724/,https://img9.doubanio.com/view/photo/s_ratio_poster/public/p2567198874.jpg,posters/27119724.jpg,托德·菲利普斯,华金·菲尼克斯 / 罗伯特·德尼罗 / 马克·马龙 / 莎姬·贝兹 / 谢伊·惠格姆 / 弗兰西丝·康罗伊 / 布莱恩·考伦 / 布莱恩·泰里·亨利 / 布莱特·卡伦 / 道格拉斯·霍奇,,122分钟,,https://movie.douban.com/top250,2026-05-06 14:00:05,"【keke · 推荐】
观影全程都有点难受！

【SKY · 推荐】
There is no punchline. It’s not a joke.

【Ai-zj-YOLO · 力荐】
够了！我心疼亚瑟！
小丑才是底层群众的蝙蝠侠！
韦恩活该，大言不惭。

【姜丝可乐 · 还行】
一般，剧情没有什么特别让我意外的地方，平铺直叙。当然了，第1幕开枪，第3幕就要有人死，这也没什么好抱怨的，但是我觉得作为一个这么传奇的角色的个人传记类作品，他不该这么平庸。"
1578507,谍影重重3,2007,美国 德国 法国 英国,"动作,悬疑,惊悚",8.9,473215,172,https://movie.douban.com/subject/1578507/,https://img3.doubanio.com/view/photo/s_ratio_poster/public/p792223507.jpg,posters/1578507.jpg,,,,,,https://movie.douban.com/top250,2026-05-06 14:00:05,"【夏日尽头 · 力荐】
帅的没边儿～

【ovo · 还行】
它让我们重新凝视：所谓英雄，不过是被巨大机器碾过、仍试图挺直脊梁的凡人

【豆友UPFIrY3ifU · 力荐】
全程高能！配乐顶级。就是手持镜头看得累。
伯恩去中情局偷文件调虎离山的计划太妙了

有个bug后面，女官员要揭发中情局主管滥杀无辜。男主管没一枪崩了她？导致自己后面坐牢。

【星空浩瀚 · 力荐】
杰森伯恩的塑造简直完美，进行任务是没有感情，冷静理智，但是想到玛丽时又会忍不住手软。在找寻自己身世真相的过程中，智商奇高，不会出错，一步接一步，不会感到突兀"
26611804,三块广告牌,2017,英国 美国,"剧情,犯罪",8.7,923708,173,https://movie.douban.com/subject/26611804/,https://img9.doubanio.com/view/photo/s_ratio_poster/public/p2502943384.jpg,posters/26611804.jpg,,,,,,https://movie.douban.com/top250,2026-05-06 14:00:05,"【开普勒一号 · 力荐】
跟海边的曼切斯特一样，看了让人一言难尽，很难受，说不出来的感觉

【逆光飞翔 · 较差】
头开得很好，但什么都用暴力解决问题的电影，我是极不推荐的。无论演员演技多好，立意就站不住脚。

【May · 推荐】
还是把人性写得太好了。

【R&B · 力荐】
老警长安居平五路，三封信解决三个问题"
1417598,电锯惊魂,2004,美国,"悬疑,惊悚,恐怖",8.7,616157,174,https://movie.douban.com/subject/1417598/,https://img9.doubanio.com/view/photo/s_ratio_poster/public/p726839485.jpg,posters/1417598.jpg,温子仁,雷·沃纳尔 / 加利·艾尔维斯 / 丹尼·格洛弗 / 梁振邦 / 迪娜·迈耶 / 迈克·巴特斯 / 保罗·古德勒支 / 迈克尔·爱默生 / 本尼托·马丁内斯 / 肖妮·史密斯,,103分钟,,https://movie.douban.com/top250,2026-05-06 14:00:05,
1307106,无间道2,2003,中国香港,"剧情,犯罪,惊悚",8.8,570588,175,https://movie.douban.com/subject/1307106/,https://img1.doubanio.com/view/photo/s_ratio_poster/public/p958008320.jpg,posters/1307106.jpg,刘伟强 / 麦兆辉,陈冠希 / 余文乐 / 曾志伟 / 黄秋生 / 吴镇宇 / 刘嘉玲 / 胡军 / 张耀扬 / 连凯 / 惠英红,,119分钟,,https://movie.douban.com/top250,2026-05-06 14:00:05,"【Cloudy · 力荐】
出来行，预佐要还…

【Kelvin · 力荐】
好看好看，第二次回味依然不腻

【after2 · 推荐】
我竟觉得剧情比1好看 让胡军出演的原因在最后才了然 添上了历史节点也不觉得出戏 挺好的 但刘嘉玲和曾志伟搭戏太恶心了 陈冠希挺涩的

【互联网隐士 · 力荐】
太心碎了！犯五逆界者，永堕此狱
比第一部更有层次感 更精彩 荡气回肠 永恒的卧底经典
[with xc]"
1793929,达拉斯买家俱乐部,2013,美国,"剧情,传记,同性",8.8,508511,176,https://movie.douban.com/subject/1793929/,https://img3.doubanio.com/view/photo/s_ratio_poster/public/p2166160837.jpg,posters/1793929.jpg,,,,,,https://movie.douban.com/top250,2026-05-06 14:00:05,
1907966,疯狂原始人,2013,美国,"喜剧,动画,冒险",8.7,924712,177,https://movie.douban.com/subject/1907966/,https://img3.doubanio.com/view/photo/s_ratio_poster/public/p1867084027.jpg,posters/1907966.jpg,,,,,,https://movie.douban.com/top250,2026-05-06 14:00:05,
1300374,绿里奇迹,1999,美国,"犯罪,剧情,奇幻,悬疑",8.9,390431,178,https://movie.douban.com/subject/1300374/,https://img2.doubanio.com/view/photo/s_ratio_poster/public/p767586451.jpg,posters/1300374.jpg,,,,,,https://movie.douban.com/top250,2026-05-06 14:00:05,
10808442,爱在午夜降临前,2013,美国 希腊,"剧情,爱情",8.9,476888,179,https://movie.douban.com/subject/10808442/,https://img1.doubanio.com/view/photo/s_ratio_poster/public/p2074715729.jpg,posters/10808442.jpg,,,,,,https://movie.douban.com/top250,2026-05-06 14:00:05,
1293460,雨中曲,1952,美国,"喜剧,歌舞,爱情",9.1,270593,180,https://movie.douban.com/subject/1293460/,https://img9.doubanio.com/view/photo/s_ratio_poster/public/p1612355875.jpg,posters/1293460.jpg,,,,,,https://movie.douban.com/top250,2026-05-06 14:00:05,
1862151,疯狂的石头,2006,中国大陆 中国香港,"喜剧,犯罪",8.6,929984,181,https://movie.douban.com/subject/1862151/,https://img3.doubanio.com/view/photo/s_ratio_poster/public/p712241453.jpg,posters/1862151.jpg,,,,,,https://movie.douban.com/top250,2026-05-06 14:00:05,"【思嘉. · 还行】
转场和音乐衔接的十分有趣，可圈可点。但我不是很能接受他喜剧背后深刻的内核。

【momo · 力荐】
反转反转再反转！！

【别惹杉菜 · 推荐】
《疯狂的石头》是国产黑色喜剧经典，多线叙事精巧绝伦，巧合与反转环环相扣。方言对白接地气，小人物的荒诞闹剧笑点密集又讽刺十足，将市井烟火与犯罪喜剧完美融合。成本虽低却创意满满，开创了国产小成本喜剧的先河，全程高能无尿点。

【heterotopia · 力荐】
以为是场珠宝闹剧，没想到资本家真被干了，对比其他影视剧真是下手不含糊"
1292226,2001太空漫游,1968,英国 美国,"科幻,惊悚,冒险",8.9,399396,182,https://movie.douban.com/subject/1292226/,https://img1.doubanio.com/view/photo/s_ratio_poster/public/p2926647970.jpg,posters/1292226.jpg,,,,,,https://movie.douban.com/top250,2026-05-06 14:00:05,
25895901,海街日记,2015,日本,"剧情,家庭",8.8,524278,183,https://movie.douban.com/subject/25895901/,https://img3.doubanio.com/view/photo/s_ratio_poster/public/p2242546753.jpg,posters/25895901.jpg,是枝裕和,绫濑遥 / 长泽雅美 / 夏帆 / 广濑铃 / 大竹忍 / 堤真一 / 加濑亮 / 风吹淳 / 中川雅也 / 前田旺志郎,,127分钟,,https://movie.douban.com/top250,2026-05-06 14:00:05,
1291585,风之谷,1984,日本,"动画,奇幻,冒险",8.9,395135,184,https://movie.douban.com/subject/1291585/,https://img3.doubanio.com/view/photo/s_ratio_poster/public/p1917567652.jpg,posters/1291585.jpg,,,,,,https://movie.douban.com/top250,2026-05-06 14:00:05,
1292208,上帝之城,2002,巴西 法国,"犯罪,剧情",9.0,334803,185,https://movie.douban.com/subject/1292208/,https://img1.doubanio.com/view/photo/s_ratio_poster/public/p455677490.jpg,posters/1292208.jpg,,,,,,https://movie.douban.com/top250,2026-05-06 14:00:05,
25917973,心迷宫,2014,中国大陆,"剧情,犯罪,悬疑",8.7,621293,186,https://movie.douban.com/subject/25917973/,https://img1.doubanio.com/view/photo/s_ratio_poster/public/p2926020289.jpg,,,,,,,https://movie.douban.com/top250,2026-05-06 14:00:05,"【阳光灿烂De生活 · 力荐】
这个电影告诉我们，不要赌博（白虎），不要不以结婚为目的发生关系（村长儿子，王宝山），不想在一起就离婚别动歪心思（丽琴）

这个电影没有明星，讲的也是乡村里普通百姓的生活，讲的是大众的故事，这个是我非常喜欢的。（如今的电影都是讲的顶层和上层人的故事，比较脱离群众）

电影的展现手法也很好，按照不同时间不同地点展现了几个故事线，让我们在不同时间空间从不同视角身临其境感受当事人的情境，再循序渐进的展现不同情境的因果关系，不带主观倾向的去展现，也非高姿态的上帝视角。

赌、贪、色
白虎赌博需要钱，看到了偷情的陈自立（露了财）并间接要挟跟踪，后来又看到了黄欢（贪图和村长儿子在一起而假怀孕）和村长儿子，然后白虎（身体不好）被村长儿子推倒领了盒饭。（村长父亲为了儿子制造意外现场。）

【颠鸾倒凤赤肚兜 · 推荐】
一尸多用

【豆友ejsUjMNhzs · 推荐】
看了两遍，情节其实挺好懂，但导演的叙事手法和氛围营造真的强

【术青 · 推荐】
乡土众生相被层层剖开，多线叙事环环相扣，荒诞又现实，以一桩意外扯出普通人的欲望与懦弱。"
1297574,英雄本色,1986,中国香港,"剧情,动作,犯罪",8.6,608993,187,https://movie.douban.com/subject/1297574/,https://img3.doubanio.com/view/photo/s_ratio_poster/public/p2504997087.jpg,posters/1297574.jpg,,,,,,https://movie.douban.com/top250,2026-05-06 14:00:05,
1304447,记忆碎片,2000,美国,"犯罪,剧情,悬疑,惊悚",8.7,672962,188,https://movie.douban.com/subject/1304447/,https://img3.doubanio.com/view/photo/s_ratio_poster/public/p2931989223.jpg,posters/1304447.jpg,,,,,,https://movie.douban.com/top250,2026-05-06 14:00:05,
1295409,纵横四海,1991,中国香港,"剧情,喜剧,动作,犯罪",8.8,481295,189,https://movie.douban.com/subject/1295409/,https://img1.doubanio.com/view/photo/s_ratio_poster/public/p2931740648.jpg,posters/1295409.jpg,,,,,,https://movie.douban.com/top250,2026-05-06 14:00:05,
6534248,无敌破坏王,2012,美国,"喜剧,动画,奇幻,冒险",8.7,614804,190,https://movie.douban.com/subject/6534248/,https://img9.doubanio.com/view/photo/s_ratio_poster/public/p1735642656.jpg,posters/6534248.jpg,,,,,,https://movie.douban.com/top250,2026-05-06 14:00:05,"【你真的很吵 · 还行】
迪士尼暖心动画！反派拉尔夫厌倦标签，穿越游戏世界寻认同，与“故障少女”云妮洛普互相救赎。复古像素风混搭糖果、科幻等多元场景，彩蛋密集，用童趣故事讲接纳自我与友情，治愈又充满想象力。

【潜入我梦里 · 推荐】
国王变成虫那里把我给恶心坏了…

【浪里白菜 · 力荐】
太好看了吧

【. · 还行】
看了14分钟看不下去了，无聊"
1291822,卢旺达饭店,2004,英国 南非 意大利 美国,"剧情,传记,历史,战争",8.9,368787,191,https://movie.douban.com/subject/1291822/,https://img3.doubanio.com/view/photo/s_ratio_poster/public/p470419493.jpg,posters/1291822.jpg,,,,,,https://movie.douban.com/top250,2026-05-06 14:00:05,"【momo · 推荐】
我们看完新闻，说着真是令人难过啊，然后安心的吃完晚餐。

【梦五舵手 · 较差】
君子求诸己，自渡方能渡人。保罗的妻子无疑是最大的双标，让保罗帮助大批邻里同族的是她，在保罗选择留下守护饭店后对其大肆指责不满的也是她。

【吧啦吧啦 · 还行】
更爱辛德勒名单

【螺丝இ · 推荐】
太殘暴了！"
1292329,牯岭街少年杀人事件,1991,中国台湾,"剧情,犯罪",8.9,372274,192,https://movie.douban.com/subject/1292329/,https://img9.doubanio.com/view/photo/s_ratio_poster/public/p848381236.jpg,posters/1292329.jpg,,,,,,https://movie.douban.com/top250,2026-05-06 14:00:05,"【1kg的大侠 · 还行】
2026.5.5/台中 原本是看完悲情城市想找另一部和台湾有关的电影看，看前没发现有4h，看一半去看解说了，前摇太长，感觉在为施暴者开脱，有点过誉了

【Sel'amore · 力荐】
是神作，虽然我因为对台湾政治历史文化背景都缺少了解，电影里也没有这方面的介绍，以及我的脸盲症，电影也是出奇地长，导致看得过程云里雾里，不过理想主义的破灭和社会问题对人的异化还是有感触，这荒诞的世界可以将老实人逼疯，可以让少年成为杀人犯，而直至今日我们似乎仍然没有迎来那个brighter future…

【半掩门儿的~ · 推荐】
再看居然比此前更觉沉浸与顺畅，以少年张震的青春经验呈现一段隐秘失序的时代剖面，于是扎向少女小明的一刀也深深刃入崩毁沦陷的外部世界。镜头语言的精妙在于导演巧妙利用前景遮罩，多数时间将人物置于中景与后景之中，使得主人公很长时间难以窥见周遭的世界以及难以被周遭世界所完整捕获，这构成了某种准确的青春表述：一方面是面对青春成长的痛楚，而试图将自我隐藏起来的扭曲欲望；另一方面则是渴望望向世界，而世界却以各种权力性的暴力将他们的视野所遮挡。而当一切遮罩徐徐展开，呈现的却是一个如此残酷的世界。

【霓洛 · 推荐】
感觉上更像一个时代缩影的纪录片"
3011051,恐怖游轮,2009,英国 澳大利亚,"科幻,悬疑,奇幻,惊悚",8.5,995890,193,https://movie.douban.com/subject/3011051/,https://img9.doubanio.com/view/photo/s_ratio_poster/public/p462470694.jpg,posters/3011051.jpg,,,,,,https://movie.douban.com/top250,2026-05-06 14:00:05,"【_ · 力荐】
我去了，只求一死

【一只猫猫虫 · 力荐】
很震撼的悬疑片 很完整

【印度电影爱好者 · 推荐】
游轮上有三个我，一个我跳海了，一个我在躲着，一个我在对抗。
一个我刚上船，一个我刚跳海，一个我刚出车祸。

【machiko · 推荐】
就这？"
1310177,东京教父,2003,日本,"剧情,喜剧,动画",9.0,293435,194,https://movie.douban.com/subject/1310177/,https://img1.doubanio.com/view/photo/s_ratio_poster/public/p456703618.jpg,posters/1310177.jpg,,,,,,https://movie.douban.com/top250,2026-05-06 14:00:05,"【衣服纽扣互扣 · 推荐】
今敏笔下的《东京教父》，是藏在繁华都市里最温柔的童话。圣诞寒夜，三位落魄流浪的底层边缘人捡到弃婴，踏上一场啼笑皆非又满是治愈的寻亲之路。
 
影片用荒诞巧合串联故事，褪去城市的冰冷浮华，于泥泞底层中窥见纯粹善意与人性救赎。平凡小人物的赤诚与温柔，拼凑出家的真正意义，温暖又治愈，直击人心。

【速度の王 · 力荐】
最喜欢的一部

【Fine velocity · 力荐】
神奇的魔法。看得我尸体暖暖的。影片中对亲情的表达很打动我，泪目了。

【TURTLE-02 · 还行】
偏商业喜剧风格吧，挺好看的"
27622447,小偷家族,2018,日本,"剧情,犯罪,家庭",8.7,898392,195,https://movie.douban.com/subject/27622447/,https://img9.doubanio.com/view/photo/s_ratio_poster/public/p2530599636.jpg,posters/27622447.jpg,,,,,,https://movie.douban.com/top250,2026-05-06 14:00:05,
1307811,魔女宅急便,1989,日本,"动画,奇幻,冒险",8.7,527443,196,https://movie.douban.com/subject/1307811/,https://img3.doubanio.com/view/photo/s_ratio_poster/public/p456676352.jpg,posters/1307811.jpg,,,,,,https://movie.douban.com/top250,2026-05-06 14:00:05,"【豆友ejsUjMNhzs · 推荐】
这个也很有纯真的童话感，喜欢

【喜欢睡觉 · 推荐】
推荐看推荐看推荐看推荐看推荐看推荐看推荐看推荐看推荐看

【kakubana · 推荐】
童工！

【Utopia · 推荐】
失去曾经拥有的，体验失望嫉妒难过这些负面的情绪，都是成长中的修行。"
1291578,冰川时代,2002,美国,"喜剧,动画,冒险",8.7,688623,197,https://movie.douban.com/subject/1291578/,https://img1.doubanio.com/view/photo/s_ratio_poster/public/p1910895719.jpg,posters/1291578.jpg,卡洛斯·沙尔丹哈 / 克里斯·韦奇,雷·罗马诺 / 约翰·雷吉扎莫 / 丹尼斯·利瑞 / 杰克·布莱克 / 艾伦·图代克 / 简·科拉克斯基 / 塔拉·斯特朗 / 约什·汉密尔顿 / 斯蒂芬·鲁特 / 克里斯·韦奇,,81分钟,,https://movie.douban.com/top250,2026-05-06 14:00:05,
1297880,芙蓉镇,1987,中国大陆,"剧情,爱情",9.3,191674,198,https://movie.douban.com/subject/1297880/,https://img1.doubanio.com/view/photo/s_ratio_poster/public/p2575337180.jpg,posters/1297880.jpg,,,,,,https://movie.douban.com/top250,2026-05-06 14:00:05,"【momo · 力荐】
一部八十年代的电影，拍出了如今的互联网风气
一直觉得，最伟大的作品永远都是在黑暗中依旧向往并且追逐光明，那才是人类最可贵的品质，

【与双 · 力荐】
真的绝了！

【吴冠錡 · 力荐】
没书好看，但总体还原的不错，时代的烙印

【whitenoise · 推荐】
文化高干子弟的复仇。"
1959195,忠犬八公物语,1987,日本,剧情,9.2,219758,199,https://movie.douban.com/subject/1959195/,https://img9.doubanio.com/view/photo/s_ratio_poster/public/p2603716224.jpg,posters/1959195.jpg,神山征二郎,仲代达矢 / 八千草薰 / 柳叶敏郎 / 尾美利德 / 石野真子 / 春川真澄 / 殿山泰司 / 加藤嘉 / 井川比佐志 / 山本圭,,107 分钟,,https://movie.douban.com/top250,2026-05-06 14:00:05,
3792799,岁月神偷,2010,中国香港 中国大陆,"剧情,家庭",8.7,614271,200,https://movie.douban.com/subject/3792799/,https://img2.doubanio.com/view/photo/s_ratio_poster/public/p456666151.jpg,posters/3792799.jpg,罗启锐,吴君如 / 任达华 / 钟绍图 / 李治廷 / 蔡颖恩 / 秦沛 / 夏萍 / 谷德昭 / 许鞍华 / 张同祖,,117分钟,,https://movie.douban.com/top250,2026-05-06 14:00:05,
1867345,遗愿清单,2007,美国,"冒险,喜剧,剧情",8.7,541876,201,https://movie.douban.com/subject/1867345/,https://img3.doubanio.com/view/photo/s_ratio_poster/public/p2676812053.jpg,posters/1867345.jpg,,,,,,https://movie.douban.com/top250,2026-05-06 14:00:05,
24750126,荒蛮故事,2014,阿根廷 西班牙,"剧情,喜剧,犯罪",8.7,520760,202,https://movie.douban.com/subject/24750126/,https://img3.doubanio.com/view/photo/s_ratio_poster/public/p2919686972.jpg,posters/24750126.jpg,达米安·斯兹弗隆,达里奥·格兰迪内蒂 / 玛丽娅·玛努尔 / 莫妮卡·比利亚 / 丽塔·科尔泰塞 / 胡丽叶塔·泽尔贝伯格 / 凯撒·博尔东 / 莱昂纳多·斯巴拉格利亚 / 沃尔特·多纳多 / 里卡多·达林 / 南希·杜普拉,,122分钟,,https://movie.douban.com/top250,2026-05-06 14:00:05,
27059130,大佛普拉斯,2017,中国台湾,"剧情,喜剧",8.7,557541,203,https://movie.douban.com/subject/27059130/,https://img3.doubanio.com/view/photo/s_ratio_poster/public/p2505928032.jpg,posters/27059130.jpg,黄信尧,庄益增 / 陈竹升 / 戴立忍 / 张少怀 / 陈以文 / 纳豆 / 丁国琳 / 李永丰 / 朱约信 / 雷婕熙,,102分钟,,https://movie.douban.com/top250,2026-05-06 14:00:05,
3075287,源代码,2011,美国 加拿大,"科幻,悬疑,惊悚",8.6,930761,204,https://movie.douban.com/subject/3075287/,https://img9.doubanio.com/view/photo/s_ratio_poster/public/p988260245.jpg,posters/3075287.jpg,,,,,,https://movie.douban.com/top250,2026-05-06 14:00:05,
34874432,花束般的恋爱,2021,日本,"剧情,爱情",8.6,835149,205,https://movie.douban.com/subject/34874432/,https://img3.doubanio.com/view/photo/s_ratio_poster/public/p2868462052.jpg,posters/34874432.jpg,,,,,,https://movie.douban.com/top250,2026-05-06 14:00:05,
2133323,白日梦想家,2013,美国 英国,"剧情,喜剧,冒险",8.6,654490,206,https://movie.douban.com/subject/2133323/,https://img3.doubanio.com/view/photo/s_ratio_poster/public/p2893896472.jpg,posters/2133323.jpg,本·斯蒂勒,本·斯蒂勒 / 克里斯汀·韦格 / 亚当·斯科特 / 西恩·潘 / 凯瑟琳·哈恩 / 泰伦斯·伯尼·海恩斯 / 保罗·菲兹杰拉德 / 乔恩·戴利 / 乔伊·斯洛特尼克 / 格蕾丝·雷克斯,,114分钟,,https://movie.douban.com/top250,2026-05-06 14:00:05,
25934014,爱乐之城,2016,美国,"剧情,爱情,歌舞",8.4,1127536,207,https://movie.douban.com/subject/25934014/,https://img9.doubanio.com/view/photo/s_ratio_poster/public/p2929224846.jpg,posters/25934014.jpg,,,,,,https://movie.douban.com/top250,2026-05-06 14:00:05,
3592854,疯狂的麦克斯4：狂暴之路,2015,澳大利亚 美国,"动作,科幻,冒险",8.7,621624,208,https://movie.douban.com/subject/3592854/,https://img3.doubanio.com/view/photo/s_ratio_poster/public/p2236181653.jpg,posters/3592854.jpg,,,,,,https://movie.douban.com/top250,2026-05-06 14:00:05,
1308857,可可西里,2004,中国大陆 中国香港,"剧情,犯罪",8.9,348353,209,https://movie.douban.com/subject/1308857/,https://img9.doubanio.com/view/photo/s_ratio_poster/public/p2363208684.jpg,posters/1308857.jpg,,,,,,https://movie.douban.com/top250,2026-05-06 14:00:05,
4848115,你看起来好像很好吃,2010,日本,"剧情,动画,儿童",8.9,377717,210,https://movie.douban.com/subject/4848115/,https://img3.doubanio.com/view/photo/s_ratio_poster/public/p709670262.jpg,posters/4848115.jpg,,,,,,https://movie.douban.com/top250,2026-05-06 14:00:05,
2209573,贫民窟的百万富翁,2008,英国,"剧情,爱情",8.6,809301,211,https://movie.douban.com/subject/2209573/,https://img1.doubanio.com/view/photo/s_ratio_poster/public/p2434249040.jpg,posters/2209573.jpg,,,,,,https://movie.douban.com/top250,2026-05-06 14:00:05,"【诗不禾 · 推荐】
这个复杂的心理蒙太奇现在仍然值得学习

【士多啤梨🍓 · 力荐】
经典中的经典，把苦难写成歌的电影。

【苏 · 推荐】
最后打电话那个镜头突然get到了女主的美!如果小时候看会觉得很好看吧，现在长大了看会发现很多事情还是太理想主义了

【非江湖骗子 · 推荐】
放在09年是好先进的拍摄手法了"
5300054,波西米亚狂想曲,2018,英国 美国,"剧情,传记,同性,音乐",8.6,694316,212,https://movie.douban.com/subject/5300054/,https://img3.doubanio.com/view/photo/s_ratio_poster/public/p2549558913.jpg,posters/5300054.jpg,,,,,,https://movie.douban.com/top250,2026-05-06 14:00:05,
1293908,城市之光,1931,美国,"喜剧,剧情,爱情",9.3,174159,213,https://movie.douban.com/subject/1293908/,https://img1.doubanio.com/view/photo/s_ratio_poster/public/p2170238828.jpg,posters/1293908.jpg,,,,,,https://movie.douban.com/top250,2026-05-06 14:00:05,
25773932,爆裂鼓手,2014,美国,"剧情,音乐",8.6,695059,214,https://movie.douban.com/subject/25773932/,https://img1.doubanio.com/view/photo/s_ratio_poster/public/p2915975989.jpg,posters/25773932.jpg,,,,,,https://movie.douban.com/top250,2026-05-06 14:00:05,
1303394,青蛇,1993,中国香港 中国大陆,"剧情,爱情,奇幻,古装",8.6,603819,215,https://movie.douban.com/subject/1303394/,https://img1.doubanio.com/view/photo/s_ratio_poster/public/p2923862788.jpg,posters/1303394.jpg,,,,,,https://movie.douban.com/top250,2026-05-06 14:00:05,"【抱朴生 · 力荐】
东方奇幻电影的扛鼎之作，可能也是徐克的巅峰了。和这部电影相比，许多情色电影都太low了，包括西西里的美丽传说，西式的直接，和这部东方式的互文、留白、写意相比，显得很俗。抛开这部电影中情色片的顶级表达，电影画面也极具美感，像水墨画一样精美，精炼又不单调，像戏剧一样典雅。此外，我格外欣赏张曼玉的演技，太厉害了，她是我心中香港最会演的女演员，也格外有魅力。

【傻关🍊 · 力荐】
浮生。。。bgm洗脑极了，太好听了
两位女主的美貌和法海的帅气也绝了
期待更多的老片子重回大荧幕

【Cookies · 推荐】
大概看懂了…原本只是想抱着看不同电视剧电影会如何改编白蛇传，但是这种风格的拍摄方法我第一次看……看得云里雾里的。

【formag · 力荐】
李碧华原著，选择了与传统白蛇传的反向视角，青蛇题材近年来影响很大，改编成舞台剧戏剧乃至国漫。小青妖性未泯，反而以旁观者视角，看穿人性虚伪，看透人性难免的贪（许仙）嗔（法海）痴（白蛇）。"
2051007,哈利·波特与死亡圣器(上),2010,英国 美国,"奇幻,冒险",8.6,700234,216,https://movie.douban.com/subject/2051007/,https://img9.doubanio.com/view/photo/s_ratio_poster/public/p2913456984.jpg,posters/2051007.jpg,,,,,,https://movie.douban.com/top250,2026-05-06 14:00:05,
1438652,无耻混蛋,2009,德国 美国,"剧情,犯罪",8.7,566553,217,https://movie.douban.com/subject/1438652/,https://img1.doubanio.com/view/photo/s_ratio_poster/public/p2575043939.jpg,posters/1438652.jpg,,,,,,https://movie.douban.com/top250,2026-05-06 14:00:05,
1292328,东邪西毒,1994,中国香港 中国台湾,"剧情,动作,爱情,武侠,古装",8.6,637746,218,https://movie.douban.com/subject/1292328/,https://img3.doubanio.com/view/photo/s_ratio_poster/public/p1982176012.jpg,posters/1292328.jpg,,,,,,https://movie.douban.com/top250,2026-05-06 14:00:05,
1293323,大红灯笼高高挂,1991,中国大陆 中国香港 中国台湾,剧情,8.8,376017,219,https://movie.douban.com/subject/1293323/,https://img3.doubanio.com/view/photo/s_ratio_poster/public/p1254404823.jpg,posters/1293323.jpg,,,,,,https://movie.douban.com/top250,2026-05-06 14:00:05,
1291844,终结者2：审判日,1991,美国 法国,"动作,科幻",8.8,388267,220,https://movie.douban.com/subject/1291844/,https://img9.doubanio.com/view/photo/s_ratio_poster/public/p1910909085.jpg,posters/1291844.jpg,,,,,,https://movie.douban.com/top250,2026-05-06 14:00:05,
1978709,黑天鹅,2010,美国,"剧情,惊悚",8.6,850184,221,https://movie.douban.com/subject/1978709/,https://img9.doubanio.com/view/photo/s_ratio_poster/public/p2549648344.jpg,posters/1978709.jpg,,,,,,https://movie.douban.com/top250,2026-05-06 14:00:05,
1292287,新龙门客栈,1992,中国香港 中国大陆,"动作,爱情,武侠,古装",8.7,512994,222,https://movie.douban.com/subject/1292287/,https://img1.doubanio.com/view/photo/s_ratio_poster/public/p1421018669.jpg,posters/1292287.jpg,,,,,,https://movie.douban.com/top250,2026-05-06 14:00:05,
4739952,初恋这件小事,2010,泰国,"剧情,喜剧,爱情",8.5,1055151,223,https://movie.douban.com/subject/4739952/,https://img3.doubanio.com/view/photo/s_ratio_poster/public/p1505312273.jpg,posters/4739952.jpg,,,,,,https://movie.douban.com/top250,2026-05-06 14:00:05,
1300117,千钧一发,1997,美国,"剧情,科幻,惊悚",8.8,353322,224,https://movie.douban.com/subject/1300117/,https://img3.doubanio.com/view/photo/s_ratio_poster/public/p792423963.jpg,posters/1300117.jpg,,,,,,https://movie.douban.com/top250,2026-05-06 14:00:05,
1302827,人工智能,2001,美国,"剧情,科幻",8.7,505531,225,https://movie.douban.com/subject/1302827/,https://img3.doubanio.com/view/photo/s_ratio_poster/public/p792257137.jpg,posters/1302827.jpg,,,,,,https://movie.douban.com/top250,2026-05-06 14:00:05,
1959877,崖上的波妞,2008,日本,"动画,奇幻,冒险",8.6,578646,226,https://movie.douban.com/subject/1959877/,https://img1.doubanio.com/view/photo/s_ratio_poster/public/p2627847859.jpg,posters/1959877.jpg,,,,,,https://movie.douban.com/top250,2026-05-06 14:00:05,
1291870,雨人,1988,美国,剧情,8.7,444885,227,https://movie.douban.com/subject/1291870/,https://img3.doubanio.com/view/photo/s_ratio_poster/public/p2353324612.jpg,posters/1291870.jpg,,,,,,https://movie.douban.com/top250,2026-05-06 14:00:05,
1296909,虎口脱险,1966,法国 英国,"喜剧,战争",8.9,298046,228,https://movie.douban.com/subject/1296909/,https://img3.doubanio.com/view/photo/s_ratio_poster/public/p2399597512.jpg,posters/1296909.jpg,,,,,,https://movie.douban.com/top250,2026-05-06 14:00:05,
1457217,哈利·波特与凤凰社,2007,英国 美国,"奇幻,冒险",8.6,700181,229,https://movie.douban.com/subject/1457217/,https://img9.doubanio.com/view/photo/s_ratio_poster/public/p2913456924.jpg,posters/1457217.jpg,,,,,,https://movie.douban.com/top250,2026-05-06 14:00:05,
25807345,彗星来的那一夜,2013,美国 英国,"科幻,悬疑,惊悚",8.6,689904,230,https://movie.douban.com/subject/25807345/,https://img9.doubanio.com/view/photo/s_ratio_poster/public/p2187896734.jpg,posters/25807345.jpg,,,,,,https://movie.douban.com/top250,2026-05-06 14:00:05,
1291879,罗生门,1950,日本,"剧情,犯罪,悬疑",8.8,360408,231,https://movie.douban.com/subject/1291879/,https://img2.doubanio.com/view/photo/s_ratio_poster/public/p1598883511.jpg,posters/1291879.jpg,,,,,,https://movie.douban.com/top250,2026-05-06 14:00:05,
25980443,海边的曼彻斯特,2016,美国,"剧情,家庭",8.6,657449,232,https://movie.douban.com/subject/25980443/,https://img9.doubanio.com/view/photo/s_ratio_poster/public/p2421855655.jpg,posters/25980443.jpg,,,,,,https://movie.douban.com/top250,2026-05-06 14:00:05,
1309163,恋恋笔记本,2004,美国,"剧情,爱情",8.5,753308,233,https://movie.douban.com/subject/1309163/,https://img9.doubanio.com/view/photo/s_ratio_poster/public/p483604864.jpg,posters/1309163.jpg,,,,,,https://movie.douban.com/top250,2026-05-06 14:00:05,
25864085,火星救援,2015,英国 美国 匈牙利 约旦,"剧情,科幻,冒险",8.5,842487,234,https://movie.douban.com/subject/25864085/,https://img3.doubanio.com/view/photo/s_ratio_poster/public/p2264592493.jpg,posters/25864085.jpg,,,,,,https://movie.douban.com/top250,2026-05-06 14:00:05,
1292401,真爱至上,2003,英国 美国 法国,"喜剧,剧情,爱情",8.5,811060,235,https://movie.douban.com/subject/1292401/,https://img1.doubanio.com/view/photo/s_ratio_poster/public/p475600770.jpg,posters/1292401.jpg,,,,,,https://movie.douban.com/top250,2026-05-06 14:00:05,
1304141,黑客帝国2：重装上阵,2003,美国,"动作,科幻",8.7,458009,236,https://movie.douban.com/subject/1304141/,https://img1.doubanio.com/view/photo/s_ratio_poster/public/p443461390.jpg,posters/1304141.jpg,,,,,,https://movie.douban.com/top250,2026-05-06 14:00:05,
4202982,冰雪奇缘,2013,美国,"喜剧,动画,奇幻,歌舞",8.5,836366,237,https://movie.douban.com/subject/4202982/,https://img3.doubanio.com/view/photo/s_ratio_poster/public/p2151245053.jpg,posters/4202982.jpg,,,,,,https://movie.douban.com/top250,2026-05-06 14:00:05,
2222996,步履不停,2008,日本,"剧情,家庭",8.8,330175,238,https://movie.douban.com/subject/2222996/,https://img1.doubanio.com/view/photo/s_ratio_poster/public/p2375245718.jpg,posters/2222996.jpg,,,,,,https://movie.douban.com/top250,2026-05-06 14:00:05,
26787574,奇迹男孩,2017,美国 中国香港,"剧情,儿童,家庭",8.6,602995,239,https://movie.douban.com/subject/26787574/,https://img1.doubanio.com/view/photo/s_ratio_poster/public/p2507709428.jpg,posters/26787574.jpg,,,,,,https://movie.douban.com/top250,2026-05-06 14:00:05,
1307394,千年女优,2001,日本,"动画,剧情,爱情",8.8,320081,240,https://movie.douban.com/subject/1307394/,https://img9.doubanio.com/view/photo/s_ratio_poster/public/p2215102596.jpg,posters/1307394.jpg,,,,,,https://movie.douban.com/top250,2026-05-06 14:00:05,
1308767,谍影重重2,2004,美国 德国,"动作,悬疑,惊悚",8.7,402125,241,https://movie.douban.com/subject/1308767/,https://img9.doubanio.com/view/photo/s_ratio_poster/public/p667644866.jpg,posters/1308767.jpg,,,,,,https://movie.douban.com/top250,2026-05-06 14:00:05,
1419936,战争之王,2005,美国 德国,"剧情,犯罪",8.7,417725,242,https://movie.douban.com/subject/1419936/,https://img2.doubanio.com/view/photo/s_ratio_poster/public/p792282381.jpg,posters/1419936.jpg,,,,,,https://movie.douban.com/top250,2026-05-06 14:00:05,
26374197,蜘蛛侠：平行宇宙,2018,美国,"动作,科幻,动画,冒险",8.6,760965,243,https://movie.douban.com/subject/26374197/,https://img1.doubanio.com/view/photo/s_ratio_poster/public/p2535851348.jpg,posters/26374197.jpg,,,,,,https://movie.douban.com/top250,2026-05-06 14:00:05,
1291936,攻壳机动队,1995,日本,"动作,科幻,动画",9.0,220144,244,https://movie.douban.com/subject/1291936/,https://img3.doubanio.com/view/photo/s_ratio_poster/public/p2921045013.jpg,posters/1291936.jpg,,,,,,https://movie.douban.com/top250,2026-05-06 14:00:05,
1428175,血钻,2006,美国 德国 英国,"剧情,惊悚,冒险",8.7,423863,245,https://movie.douban.com/subject/1428175/,https://img3.doubanio.com/view/photo/s_ratio_poster/public/p1244017073.jpg,posters/1428175.jpg,,,,,,https://movie.douban.com/top250,2026-05-06 14:00:05,
25977027,小姐,2016,韩国,"剧情,悬疑,情色,同性",8.5,581368,246,https://movie.douban.com/subject/25977027/,https://img9.doubanio.com/view/photo/s_ratio_poster/public/p2355555424.jpg,posters/25977027.jpg,,,,,,https://movie.douban.com/top250,2026-05-06 14:00:05,
26615208,隐藏人物,2016,美国,"剧情,传记,历史",8.9,275165,247,https://movie.douban.com/subject/26615208/,https://img1.doubanio.com/view/photo/s_ratio_poster/public/p2374067318.jpg,posters/26615208.jpg,,,,,,https://movie.douban.com/top250,2026-05-06 14:00:05,
27113517,血观音,2017,中国台湾,"剧情,悬疑",8.6,568765,248,https://movie.douban.com/subject/27113517/,https://img9.doubanio.com/view/photo/s_ratio_poster/public/p2505008756.jpg,posters/27113517.jpg,,,,,,https://movie.douban.com/top250,2026-05-06 14:00:05,
1293964,魂断蓝桥,1940,美国,"剧情,爱情,战争",8.8,312173,249,https://movie.douban.com/subject/1293964/,https://img1.doubanio.com/view/photo/s_ratio_poster/public/p2351134499.jpg,posters/1293964.jpg,,,,,,https://movie.douban.com/top250,2026-05-06 14:00:05,
25724855,房间,2015,爱尔兰 加拿大 英国 美国,"剧情,家庭",8.7,401535,250,https://movie.douban.com/subject/25724855/,https://img9.doubanio.com/view/photo/s_ratio_poster/public/p2259715855.jpg,posters/25724855.jpg,,,,,,https://movie.douban.com/top250,2026-05-06 14:00:05,
